id_usuario,universidad_nombre,grado_abreviatura,titulo_profesional,especialidad,fecha_emision,resolucion,tipo_obtencion_nombre
1,Universidad Nacional del Altiplano,B,BACHILLER EN CIENCIAS AGROINDUSTRIALES,-,1995-02-17,209-95-R-UNA,API SUNEDU
1,Universidad Nacional del Altiplano,T,INGENIERO AGROINDUSTRIAL,-,1996-07-12,958-96-R-UNA,API SUNEDU
1,Universidad Nacional Agraria La Molina,M,MAGISTER SCIENTIAE,TECNOLOGIA DE ALIMENTOS,2002-06-17,391-UNALM,API SUNEDU
1,UNIVERSIDAD DE AGRICULTURA Y MEDICINA VETERINARIA DE OBIHIRO,D,GRADO DE : DOCTOR EN HIGIENE DE ALIMENTOS Y ANIMALES ,-,,299-2012-ANR,API SUNEDU
1,OBIHIRO UNIVERSITY OF AGRICULTURE AND VETERINARY MEDICINE,M,GRADO DE MAESTRÍA EN HIGIENE DE ANIMALES Y ALIMENTOS ,-,2007-03-20,RESOLUCIÓN DE RECONOCIMIENTO Nº 2393-2017-SUNEDU-02-15-02,API SUNEDU
2,Universidad Nacional del Altiplano,T,SCIENTIAE EN POSCOSECHA Y MARKETING,-,2006-03-24,516-2006-R-UNA,API SUNEDU
2,Universidad Nacional del Altiplano,B,BACHILLER EN CIENCIAS AGROINDUSTRIALES,-,1995-11-24,1731-95-R-UNA,API SUNEDU
2,Universidad Nacional del Altiplano,M,MAGISTER SCIENTIAE EN POSCOSECHA Y MARKETING,-,2006-03-24,516-2006-R-UNA,API SUNEDU
2,Universidad Nacional del Altiplano,T,INGENIERO AGROINDUSTRIAL,-,1999-10-29,1697-99-R-UNA,API SUNEDU
3,Universidad Nacional del Altiplano,M,MAGISTER SCIENTIAE EN POSCOSECHA Y MARKETING,-,2006-07-27,1567-2006-R-UNA,API SUNEDU
3,Universidad Nacional del Altiplano,B,BACHILLER EN CIENCIAS AGROINDUSTRIALES,-,1998-08-14,1567-98-R-UNA,API SUNEDU
3,Universidad Nacional del Altiplano,T,INGENIERO AGROINDUSTRIAL,-,2001-01-26,0058-2001-R-UNA,API SUNEDU
3,UNIVERSIDAD DE SANTIAGO DE CHILE,D,GRADO DE DOCTOR EN CIENCIA Y TECNOLOGÍA DE ALIMENTOS,-,,0702,API SUNEDU
4,Universidad Nacional del Altiplano,M,MAGISTER SCIENTIAE EN DESARROLLO RURAL,-,2005-06-30,383-2005-R-UNA,API SUNEDU
4,Universidad Nacional de Ingeniería,B,BACHILLER EN,INGENIERIA INDUSTRIAL,1980-03-21,-,API SUNEDU
4,Universidad Nacional de Ingeniería,T,INGENIERO INDUSTRIAL,-,1986-02-26,-,API SUNEDU
5,Universidad Nacional del Altiplano,B,BACHILLER EN CIENCIAS AGROINDUSTRIALES,-,1996-01-19,0069-96-R-UNA,API SUNEDU
5,Universidad Nacional del Altiplano,T,INGENIERO AGROINDUSTRIAL,-,2001-08-17,1222-2001-R-UNA,API SUNEDU
5,Universidad Nacional del Altiplano,M,"Magíster Scientiae en Economía, Mención: Proyectos de Inversión",-,2025-06-10,1713-2025-R-UNA,API SUNEDU
6,Universidad José Carlos Mariátegui,M,MAESTRO EN CIENCIAS CON MENCIÓN EN INGENIERÍA AMBIENTAL,-,2018-01-08,059-2018-CU-UJCM,API SUNEDU
6,Universidad Nacional del Altiplano,B,BACHILLER EN CIENCIAS AGROINDUSTRIALES,-,2001-08-03,1133-2001-R-UNA,API SUNEDU
6,Universidad Nacional del Altiplano,D,"Doctor en Ciencia, Tecnología y Medio Ambiente",-,2024-09-16,2558-2024-R-UNA,API SUNEDU
6,Universidad Nacional del Altiplano,T,Ingeniero Agroindustrial,-,2004-01-30,148-2004-R-UNA,API SUNEDU
7,Universidad Nacional del Altiplano,D,"DOCTORIS SCIENTIAE EN: CIENCIA, TECNOLOGIA Y MEDIO AMBIENTE",-,2016-10-21,3801-2016-R-UNA,API SUNEDU
7,Universidad Nacional del Altiplano,B,BACHILLER EN CIENCIAS AGRARIAS,-,1979-04-04,-,API SUNEDU
7,Universidad Nacional del Altiplano,T,INGENIERO AGRONOMO,-,1979-09-18,-,API SUNEDU
7,UNIVERSIDAD FEDERAL DE PELOTAS,M,DIPLOMA DE MAESTRÍA EN CIENCIAS ,-,1994-12-28,1099-96-ANR,API SUNEDU
8,Universidad Nacional del Altiplano,T,INGENIERO AGROINDUSTRIAL,-,2008-04-11,0802-2008-R-UNA,API SUNEDU
8,Universidad Nacional del Altiplano,B,BACHILLER EN CIENCIAS AGROINDUSTRIALES,-,2006-11-24,2401-2006-R-UNA,API SUNEDU
8,PONTIFICIA UNIVERSIDAD CATOLICA DE CHILE,M,GRADO ACADÉMICO DE MAGÍSTER EN INGENIERÍA,-,2017-07-20,RESOLUCIÓN DE RECONOCIMIENTO Nº 5814-2017-SUNEDU-02-15-02,API SUNEDU
8,PONTIFICIA UNIVERSIDAD CATOLICA DE CHILE,D,GRADO ACADÉMICO DE DOCTOR EN CIENCIAS DE LA INGENIERÍA,-,2018-09-12,RESOLUCIÓN Nº 0964-2019-SUNEDU-02-15-02,API SUNEDU
9,Universidad Nacional Agraria La Molina,M,MAGISTER EN SCIENTIAE,TECNOLOGIA DE ALIMENTOS,2006-02-10,166-UNALM,API SUNEDU
9,Universidad Nacional Agraria La Molina,M,MAGISTER SCIENTIAE,ESPECIALIDAD: TECNOLOGIA DE ALIMENTOS,2006-02-10,166-UNALM/2006,API SUNEDU
9,Universidad Nacional Agraria La Molina,T,INGENIERO EN INDUSTRIAS ALIMENTARIAS,-,1996-04-16,56115/UNALM,API SUNEDU
9,Universidad Nacional Agraria La Molina,B,BACHILLER EN CIENCIAS INDUSTRIAS ALIMENTARIAS,-,1991-12-05,52281/UNALM,API SUNEDU
9,Universidad Nacional Agraria La Molina,D,DOCTORIS PHILOSOPHIAE EN CIENCIA DE ALIMENTOS,-,2021-10-06,340-CU-UNALM,API SUNEDU
10,Universidad Nacional de Ingeniería,B,BACHILLER EN CIENCIAS,INGENIERIA INDUSTRIAL,1982-11-23,-,API SUNEDU
10,Universidad Nacional de Ingeniería,T,INGENIERO INDUSTRIAL,-,1989-09-13,-,API SUNEDU
10,Universidad Nacional de San Agustín de Arequipa,D,DOCTOR EN CIENCIAS EMPRESARIALES,-,2018-08-03,O.G.Y.T. 017-2018,API SUNEDU
10,Universidad Nacional Agraria La Molina,M,MAGISTER SCIENTIAE,AGRONEGOCIOS,2010-10-28,912-UNALM-2010,API SUNEDU
11,Universidad Nacional Agraria La Molina,B,BACHILLER EN CIENCIAS,INDUSTRIAS ALIMENTARIAS,1988-12-07,499666/UNALM,API SUNEDU
11,Universidad Nacional Agraria La Molina,T,INGENIERO EN INDUSTRIAS ALIMENTARIAS,-,1991-01-03,51657/UNALM,API SUNEDU
11,PONTIFICIA UNIVERSIDAD CATOLICA DE CHILE,D,GRADO ACADÉMICO DE DOCTOR EN CIENCIAS DE LA INGENIERÍA,-,,0599-2012-ANR,API SUNEDU
11,UNIVERSIDAD DE CONCEPCIÓN,M,GRADO ACADÉMICO DE MAGISTER EN INGENIERÍA AGRÍCOLA CON MENCIÓN EN AGROINDUSTRIA Y ESTRUCTURA RURALES,-,,1624-2006-ANR,API SUNEDU
12,Universidad Nacional del Altiplano,T,INGENIERO AGRONOMO,-,1974-12-19,05/12/1974,API SUNEDU
12,Universidad Nacional del Altiplano,B,BACHILLER EN CIENCIAS AGRARIAS,-,1974-10-21,-,API SUNEDU
12,Universidad Nacional del Altiplano,M,MAGISTER SCIENTIAE EN DESARROLLO RURAL,-,2000-08-24,1080-2000-R-UNA,API SUNEDU
13,Universidad Nacional Agraria La Molina,M,MAGISTER SCIENTIAE,NUTRICION,2004-11-16,729-UNALM,API SUNEDU
13,Universidad Nacional del Altiplano,B,BACHILLER EN CIENCIAS AGROINDUSTRIALES,-,1995-02-17,209-95-R-UNA,API SUNEDU
13,Universidad Nacional del Altiplano,T,INGENIERO AGROINDUSTRIAL,-,1999-10-29,1697-99-R-UNA,API SUNEDU
14,Universidad Nacional del Altiplano,T,Ingeniero Agrónomo,-,1977-09-23,-,API SUNEDU
14,Universidad Nacional del Altiplano,B,Bachiller en Ciencias Agrarias,-,1976-07-20,-,API SUNEDU
14,UNIVERSIDAD CENTRAL DE VENEZUELA ,-,CERTIFICACION MAGISTER (DESARROLLO RURAL),-,,5094-85-CONAI,API SUNEDU
15,Universidad Nacional del Altiplano,T,INGENIERO AGRONOMO,-,1980-05-08,-,API SUNEDU
15,Universidad Nacional del Altiplano,B,BACHILLER EN CIENCIAS AGRARIAS,-,1980-01-15,-,API SUNEDU
15,Universidad Nacional del Altiplano,M,MAGISTER SCIENTIAE EN AGRICULTURA ANDINA,-,2006-02-10,0222-2006-R-UNA,API SUNEDU
15,Universidad Nacional del Altiplano,D,"DOCTORIS SCIENTIAE EN CIENCIA, TECNOLOGIA Y MEDIO AMBIENTE",-,2011-12-30,2688-2011-R-UNA,API SUNEDU
16,Universidad Nacional del Altiplano,T,Ingeniero Agrónomo,-,1972-12-01,-,API SUNEDU
16,Universidad Nacional del Altiplano,B,Bachiller en Ciencias Agrarias,-,1972-10-30,-,API SUNEDU
17,Universidad Nacional del Altiplano,B,BACHILLER EN CIENCIAS AGRARIAS,-,1995-03-03,282-95-R-UNA,API SUNEDU
17,Universidad Nacional del Altiplano,T,INGENIERO AGRONOMO,-,1995-07-21,957-95-R-UNA,API SUNEDU
17,Universidad Alas Peruanas S.A.,D,"DOCTOR: CIENCIA, TECNOLOGIA Y MEDIO AMBIENTE",-,2013-10-29,11965-2013-R-UAP,API SUNEDU
17,UNIVERSIDADE TECNOLÓGICA FEDERAL DO PARANÁ,D,"GRADO DE DOCTOR EN AGRONOMÍA, ESPECIALIDAD: SUELOS Y SISTEMAS INTEGRADOS DE PRODUCCIÓN AGRÍCOLA (GRADO DE DOCTOR)",-,2019-03-13,RESOLUCIÓN JEFATURAL 02915-2024-SUNEDU-DS-DIGRAT-URGT,API SUNEDU
17,PONTIFICIA UNIVERSIDAD CATOLICA DE CHILE,M,GRADO ACADÉMICO DE MAGISTER EN PRODUCCIÓN ANIMAL,-,1998-10-05,086-2000-ANR,API SUNEDU
18,Universidad Nacional del Altiplano,B,BACHILLER EN CIENCIAS AGRARIAS,-,1975-03-04,-,API SUNEDU
18,Universidad Nacional del Altiplano,T,INGENIERO AGRONOMO,-,1975-08-07,-,API SUNEDU
18,Universidad Nacional Agraria La Molina,M,MAGISTER SCIENTIAE - ENTOMOLOGÍA,-,1997-12-04,57517/UNA,API SUNEDU
19,Universidad Nacional del Altiplano,T,INGENIERO AGRONOMO,-,1981-12-22,-,API SUNEDU
19,Universidad Nacional del Altiplano,B,BACHILLER EN CIENCIAS AGRARIAS,-,1980-04-18,-,API SUNEDU
20,Universidad Nacional del Altiplano,B,BACHILLER EN CIENCIAS AGROINDUSTRIALES,-,2001-08-17,1223-2001-R-UNA,API SUNEDU
20,Universidad Nacional del Altiplano,T,INGENIERO AGRONOMO,-,2004-11-05,228-2004-P-CTG-UNA,API SUNEDU
20,Universidad Nacional Agraria La Molina,M,MAGISTER SCIENTIAE,ESPECIALIDAD: PRODUCCION AGRICOLA,2007-12-11,830/UNALM,API SUNEDU
20,Universidad Nacional del Altiplano,B,BACHILLER EN CIENCIAS AGRARIAS,-,2001-08-17,1223-2001-R-UNA,API SUNEDU
20,Universidad Nacional Agraria La Molina,D,DOCTORIS PHILOSOPHIAE EN AGRICULTURA SUSTENTABLE,-,2025-08-07,0309-2025-CU-UNALM,API SUNEDU
21,Universidad Nacional Agraria La Molina,M,MAGISTER SCIENTIAE,ESPECIALIDAD: ECONOMIA AGRICOLA,1991-12-05,52283/UNALM,API SUNEDU
21,Universidad Nacional del Altiplano,B,BACHILLER EN CIENCIAS AGRARIAS,-,1979-10-19,-,API SUNEDU
21,Universidad Nacional del Altiplano,T,INGENIERO AGRONOMO,-,1980-07-11,-,API SUNEDU
21,Universidad Nacional del Altiplano,D,"Doctoris Scientiae en Ciencia, Tecnología y Medio Ambiente",-,2020-09-29,0971-2020-R-UNA,API SUNEDU
22,Universidad Nacional Agraria La Molina,M,MAGISTER SCIENTIAE - SUELOS,-,1993-11-22,53949,API SUNEDU
22,Universidad Nacional del Altiplano,T,INGENIERO AGRONOMO,-,1978-06-23,-,API SUNEDU
22,Universidad Nacional del Altiplano,B,BACHILLER EN CIENCIAS AGRARIAS,-,1976-12-29,-,API SUNEDU
22,Universidad Nacional Agraria La Molina,M,MAGISTER SCIENTIAE,ESPECIALIDAD: SUELOS,1993-11-22,53949,API SUNEDU
22,Universidad Nacional del Altiplano,D,"Doctoris Scientiae en Ciencia, Tecnología y Medio Ambiente",-,2025-01-31,0164-2025-R-UNA,API SUNEDU
23,Universidad Nacional Agraria La Molina,M,MAGISTER SCIENTIAE ESPECIALIDAD EN,SUELOS,1987-05-07,-,API SUNEDU
23,Universidad Nacional del Altiplano,B,BACHILLER EN CIENCIAS AGRARIAS,-,1977-09-23,-,API SUNEDU
23,Universidad Nacional del Altiplano,T,INGENIERO AGRONOMO,-,1979-01-30,-,API SUNEDU
23,Universidad Nacional Agraria La Molina,M,MAGISTER SCIENTIAE - SUELOS,-,1994-10-25,48525,API SUNEDU
24,Universidad Nacional del Altiplano,B,BACHILLER EN CIENCIAS AGRARIAS,-,1975-03-04,-,API SUNEDU
24,Universidad Nacional del Altiplano,T,INGENIERO AGRONOMO,-,1975-06-23,-,API SUNEDU
24,UNIVERSIDAD AUTÓNOMA CHAPINGO,D,GRADO DE DOCTOR EN CIENCIAS EN ECONOMÍA AGRÍCOLA,-,1991-10-03,020-96-ANR,API SUNEDU
24,UNIVERSIDAD NACIONAL DE COLOMBIA,M,"CERTIFICAR PROVISIONALMENTE, PARA LOS EFECTOS DEL ARTÍCULO 4º DEL DECRETO SUPREMO Nº 001-79-ED, EL GRADO DE MAGÍSTER EN CIENCIAS.",-,1978-04-10,7721-79-CONUP,API SUNEDU
25,Universidad Nacional de San Antonio Abad del Cusco,T,TITULO DE INGENIERO AGRONOMO,-,1976-01-02,R-230-75,API SUNEDU
25,Universidad Nacional Agraria La Molina,M,MAGISTER SCIENTIAE EN PRODUCCIÓN ANIMAL,-,1993-02-16,53342,API SUNEDU
25,Universidad Nacional de San Antonio Abad del Cusco,T,INGENIERO AGRONOMO,-,1976-01-02,R-230-75,API SUNEDU
25,Universidad Nacional de San Antonio Abad del Cusco,B,BACHILLER EN CIENCIAS AGRARIAS,-,1976-01-02,R-21-75,API SUNEDU
26,Universidad Nacional del Altiplano,B,BACHILLER EN CIENCIAS AGRARIAS,-,1988-12-21,1228-88-R-UNA,API SUNEDU
26,Universidad Nacional del Altiplano,T,INGENIERO AGRONOMO,-,1989-08-11,726-89-R-UNA,API SUNEDU
26,Universidad Nacional del Altiplano,M,MAGISTER SCIENTIAE EN CULTIVOS ANDINIOS,-,1997-10-17,1455-97-R-UNA,API SUNEDU
26,Universidad Nacional del Altiplano,D,"DOCTORIS SCIENTIAE EN CIENCIA, TECNOLOGIA Y MEDIO AMBIENTE",-,2014-01-16,0119-2014-R-UNA,API SUNEDU
26,Universidad Nacional Federico Villarreal,D,DOCTOR EN ADMINISTRACION,-,2008-10-27,7713,API SUNEDU
27,Universidad Andina Néstor Cáceres Velásquez,T,CONTADOR PUBLICO,-,2008-07-18,136-08-CU-R-UANCV,API SUNEDU
27,Universidad Andina Néstor Cáceres Velásquez,B,BACHILLER EN CIENCIAS CONTABLES,-,2005-09-16,RES-172-05-CU-R-U,API SUNEDU
27,Universidad Nacional del Altiplano,M,MAGISTER SCIENTIAE EN DESARROLLO RURAL,-,2001-12-14,1936-2001-R-UNA,API SUNEDU
27,Universidad Nacional del Altiplano,B,Bachiller En Ciencias Agrarias,-,1979-12-19,-,API SUNEDU
28,Universidad Nacional del Altiplano,B,BACHILLER EN CIENCIAS AGRARIAS,-,1981-12-11,-,API SUNEDU
28,Universidad Nacional del Altiplano,T,INGENIERO AGRONOMO,-,1983-01-28,-,API SUNEDU
28,Universidad Nacional Agraria La Molina,M,MAGISTER SCIENTIAE,INGENIERIA AGRICOLA,1993-08-26,53812/UNALM,API SUNEDU
28,Universidad Nacional del Altiplano,D,"Doctoris Scientiae en Ciencia, Tecnología y Medio Ambiente",-,2021-04-09,0603-2021-R-UNA,API SUNEDU
29,Universidad Nacional del Altiplano,B,BACHILLER EN CIENCIAS AGRARIAS,-,1972-08-25,-,API SUNEDU
29,Universidad Nacional del Altiplano,T,INGENIERO AGRONOMO,-,1973-02-14,-,API SUNEDU
30,Universidad Nacional del Altiplano,B,BACHILLER EN CIENCIAS AGRARIAS,-,1972-10-26,-,API SUNEDU
30,Universidad Nacional del Altiplano,T,INGENIERO AGRONOMO,-,1974-04-02,-,API SUNEDU
31,Universidad Nacional del Altiplano,M,MAGISTER SCIENTIAE EN: CULTIVOS ANDINOS,-,2004-01-30,195-2004-R-INA,API SUNEDU
31,Universidad Nacional del Altiplano,M,MAGISTER EN SCIENTIAE EN CULTIVOS ANDINOS,-,2004-01-30,195-2004-R-UNA,API SUNEDU
31,Universidad Nacional del Altiplano,B,BACHILLER EN CIENCIAS AGRARIAS,-,1981-07-03,-,API SUNEDU
31,Universidad Nacional del Altiplano,T,INGENIERO AGRONOMO,-,1981-10-02,-,API SUNEDU
31,Universidad Nacional del Altiplano,T,SCIENTIAE EN CULTIVOS ANDINOS,-,2004-01-30,195-2004-R-UNA,API SUNEDU
32,Universidad Nacional del Altiplano,T,Ingeniero Agrónomo,-,1973-02-14,-,API SUNEDU
32,Universidad Nacional del Altiplano,B,Bachiller en Ciencias Agrarias,-,1973-02-09,-,API SUNEDU
33,Universidad Nacional del Altiplano,T,INGENIERO AGRONOMO,-,1981-04-10,-,API SUNEDU
33,Universidad Nacional del Altiplano,B,BACHILLER EN CIENCIAS AGRARIAS,-,1980-01-15,-,API SUNEDU
33,Universidad Nacional del Altiplano,D,"DOCTORIS SCIENTIAE EN CIENCIA, TECNOLOGIA Y MEDIO AMBIENTE",-,2014-01-16,0119-2014-R-UNA,API SUNEDU
33,Universidad Nacional Agraria La Molina,M,MAGISTER SCIENTIAEMAGÍSTER SCIENTIAE  ESPECIALIDAD: SUELOS,-,1996-08-23,56521/UNALM,API SUNEDU
34,Universidad Nacional del Altiplano,M,MAGISTER SCIENTIAE EN PRODUCCION ANIMAL,-,2009-10-30,1613-2009-R-UNA,API SUNEDU
34,Universidad Nacional del Altiplano,T,INGENIERO AGRONOMO,-,2001-01-26,0058-2001-R-UNA,API SUNEDU
34,Universidad Nacional del Altiplano,B,BACHILLER EN CIENCIAS AGRARIAS,-,1999-07-23,1239-99-R-UNA,API SUNEDU
34,Universidad Nacional del Altiplano,D,"DOCTORIS SCIENTIAE EN: CIENCIA, TECNOLOGIA Y MEDIO AMBIENTE",-,2016-11-30,4634-2016-R-UNA,API SUNEDU
35,Universidad Nacional del Altiplano,M,MAGISTER SCIENTIAE EN DESARROLLO RURAL,-,1995-09-15,1284-95-R-UNA,API SUNEDU
35,Universidad Nacional de San Agustín de Arequipa,D,DOCTOR EN CIENCIAS Y TECNOLOGÍAS MEDIOAMBIENTALES,-,2020-03-20,O.G.Y.T. 004-2020,API SUNEDU
35,Universidad Nacional del Altiplano,B,BACHILLER EN CIENCIAS AGRARIAS,-,1980-04-18,-,API SUNEDU
35,Universidad Nacional del Altiplano,T,Ingeniero Agrónomo,-,1981-12-11,-,API SUNEDU
36,Universidad Nacional del Altiplano,T,Ingeniero Agrónomo,-,1978-09-29,-,API SUNEDU
36,Universidad Nacional del Altiplano,B,Bachiller en Ciencias Agrarias,-,1978-08-09,-,API SUNEDU
37,Universidad Nacional del Altiplano,B,BACHILLER EN CIENCIAS AGRARIAS,-,1988-12-21,-,API SUNEDU
37,Universidad Nacional del Altiplano,T,INGENIERO AGRONOMO,-,1990-06-22,669-90-R-UNA,API SUNEDU
38,Universidad Nacional de San Antonio Abad del Cusco,T,INGENIERO AGRONOMO,-,1971-07-12,R-536-71,API SUNEDU
38,Universidad Nacional de San Antonio Abad del Cusco,B,BACHILLER EN CIENCIAS AGRARIAS,-,,0500-71,API SUNEDU
38,Universidad Nacional de San Antonio Abad del Cusco,T,INGENIERO AGRONOMO,-,,0536-71,API SUNEDU
38,Universidad Nacional de San Antonio Abad del Cusco,B,BACHILLER EN CIENCIAS AGRARIAS,-,1971-05-31,R-500-71,API SUNEDU
38,Universidad Nacional de San Antonio Abad del Cusco,T,INGENIERO AGRONOMO,-,1971-07-12,R-536-71,API SUNEDU
38,COLEGIO DE POSGRADUADOS - INSTITUCIÓN DE ENSEÑANZA E INVESTIGACIÓN EN CIENCIAS AGRICOLAS,D,GRADO DE DOCTOR EN CIENCIAS,-,1989-02-22,1456-2005-ANR,API SUNEDU
39,Universidad Nacional del Altiplano,T,INGENIERO AGRONOMO,-,1982-12-10,-,API SUNEDU
39,Universidad Nacional del Altiplano,B,BACHILLER EN CIENCIAS AGRARIAS,-,1982-01-29,-,API SUNEDU
39,Universidad Nacional Federico Villarreal,M,MAESTRO EN GESTION AMBIENTAL,-,2012-09-04,2019,API SUNEDU
40,Universidad Nacional del Altiplano,D,"DOCTORIS SCIENTIAE EN: CIENCIA, TECNOLOGIA Y MEDIO AMBIENTE",-,2015-07-01,1947-2015-R-UNA,API SUNEDU
40,Universidad Nacional del Altiplano,T,INGENIERO AGRONOMO,-,1979-12-19,-,API SUNEDU
40,Universidad Nacional del Altiplano,B,BACHILLER EN CIENCIAS AGRARIAS,-,1979-05-18,-,API SUNEDU
40,UNIVERSIDAD MAYOR DE SAN ANDRÉS,M,GRADO DE MAESTRO EN CIENCIAS - MAGISTER SCIENTARUM - MENCIÓN ECOLOGÍA Y CONVERSACIÓN,-,2001-08-28,080-2007-ANR,API SUNEDU
41,Universidad Nacional del Altiplano,T,INGENIERO AGRONOMO,-,1999-09-03,1365-99-R-UNA,API SUNEDU
41,Universidad Nacional del Altiplano,B,BACHILLER EN CIENCIAS AGRARIAS,-,1996-08-23,1192-96-R-UNA,API SUNEDU
41,Universidad Nacional del Altiplano,M,Magíster Scientiae en: Gestión de Recursos Naturales y Medio Ambiente,-,2016-05-10,1383-2016-R-UNA,API SUNEDU
41,Universidad Nacional del Altiplano,D,"Doctor en Ciencia, Tecnología y Medio Ambiente",-,2024-01-25,0203-2024-R-UNA,API SUNEDU
42,Universidad Nacional del Altiplano,B,BACHILLER EN CIENCIAS AGRARIAS,-,1967-12-16,-,API SUNEDU
42,Universidad Nacional del Altiplano,T,INGENIERO AGRONOMO,-,1968-05-21,-,API SUNEDU
43,Universidad Nacional del Altiplano,T,Ingeniero Agrónomo,-,1977-01-07,-,API SUNEDU
43,Universidad Nacional del Altiplano,B,Bachiller en Ciencias Agrarias,-,1976-12-21,-,API SUNEDU
43,Universidad Nacional del Altiplano,M,Magíster Scientiae en Gestión y Auditoría Ambiental,-,2024-09-16,2561-2024-R-UNA,API SUNEDU
44,Universidad Nacional del Altiplano,T,INGENIERO AGRONOMO,-,1980-04-15,-,API SUNEDU
44,Universidad Nacional del Altiplano,B,BACHILLER EN CIENCIAS AGRARIAS,-,1979-12-03,-,API SUNEDU
44,UNIVERSIDAD FEDERAL DE PELOTAS,M,DIPLOMA DE MAGÍSTER EN CIENCIAS,-,1993-11-30,2203-2014-ANR,API SUNEDU
45,Universidad Nacional Agraria La Molina,M,MAGISTER SCIENTIAE,ESPECIALIDAD: MEJORAMIENTO GENETICO DE PLANTAS,1986-09-30,47867/UNALM,API SUNEDU
45,Universidad Nacional del Altiplano,T,INGENIERO AGRONOMO,-,1973-07-11,-,API SUNEDU
45,Universidad Nacional del Altiplano,B,BACHILLER EN CIENCIAS AGRARIAS,-,1973-02-01,-,API SUNEDU
45,Universidad Nacional del Altiplano,D,DOCTORIS SCIENTIAE,"EN: CIENCIA, TECNOLOGIA Y MEDIO AMBIENTE",2013-07-10,2018-2013-R-UNA,API SUNEDU
46,Universidad Nacional del Altiplano,M,MAGISTER SCIENTIAE EN AGRICULTURA ANDINA,ESPECIALIDAD: AGROECOLOGIA,2000-09-22,1389-2000-R-UNA,API SUNEDU
46,Universidad Nacional del Altiplano,T,INGENIERO AGRONOMO,-,1971-03-12,-,API SUNEDU
46,Universidad Nacional del Altiplano,B,BACHILLER EN CIENCIAS AGRARIAS,-,1970-11-20,-,API SUNEDU
46,Universidad Nacional del Altiplano,D,"DOCTORIS SCIENTIAE EN CIENCIA, TECNOLOGIA Y MEDIO AMBIENTE",-,2013-07-10,2018-2013-R-UNA,API SUNEDU
47,Universidad Alas Peruanas S.A.,B,BACHILLER EN INGENIERIA CIVIL,-,2011-08-31,8588-2011-R-UAP,API SUNEDU
47,Universidad Nacional del Altiplano,B,BACHILLER EN CIENCIAS DE LA INGENIERIA TOPOGRAFICA Y AGRIMENSURA,-,2001-01-26,0100-2001-R-UNA,API SUNEDU
47,Universidad Nacional del Altiplano,T,INGENIERO TOPOGRAFO Y AGRIMENSOR,-,2001-08-03,1132-2001-R-UNA,API SUNEDU
47,Universidad Alas Peruanas S.A.,T,INGENIERO CIVIL,-,2012-11-08,10229-2012-R-UAP,API SUNEDU
47,Universidad Nacional del Altiplano,B,BACHILLER EN CIENCIAS AGRARIAS,-,1991-08-02,830-91-R-UNA,API SUNEDU
48,Universidad Nacional del Altiplano,T,INGENIERO TOPOGRAFO Y AGRIMENSOR,-,2003-12-31,2342-2003-R-UNA,API SUNEDU
48,Universidad José Carlos Mariátegui,B,BACHILLER EN INGENIERIA CIVIL,-,2014-06-10,644-2014-CU-UJCM,API SUNEDU
48,Universidad Andina Néstor Cáceres Velásquez,M,MAGISTER EN: INGENIERIA CIVIL,MENCION EN: DISEÑO Y CONSTRUCCIONES,2013-12-13,388-13-CU-R-UANV.,API SUNEDU
48,Universidad José Carlos Mariátegui,T,INGENIERO CIVIL,-,2014-09-18,1202-2014-CU-UJCM,API SUNEDU
48,Universidad Nacional del Altiplano,B,BACHILLER EN CIENCIAS DE LA INGENIERIA TOPOGRAFICA Y AGRIMENSURA,-,1999-12-03,1927-99-R-UNA,API SUNEDU
48,Universidad Nacional del Altiplano,D,"Doctor en Ciencia, Tecnología y Medio Ambiente",-,2022-06-28,1317-2022-R-UNA,API SUNEDU
48,Universidad Nacional del Altiplano,B,BACHILLER EN CIENCIAS DE LA INGENIERIA TOPOGRAFICA Y AGRIMENSOR,-,1999-12-03,1927-99-R-UNA,API SUNEDU
48,Universidad Nacional del Altiplano,B,BACHILLER EN CS. DE LA ING.TOPOGRAFICA Y AGRIM.,-,1999-12-03,1927-99-R-UNA,API SUNEDU
49,Universidad Nacional del Altiplano,T,INGENIERO AGRONOMO,-,1979-05-23,-,API SUNEDU
49,Universidad Nacional del Altiplano,D,"Doctoris Scientiae en Ciencia, Tecnología y Medio Ambiente",-,2019-12-04,3183-2019-R-UNA,API SUNEDU
49,Universidad Nacional del Altiplano,B,BACHILLER EN CIENCIAS AGRARIAS,-,1976-01-09,-,API SUNEDU
49,Universidad Nacional del Altiplano,M,Magíster Scientiae en Ingeniería de Recursos de Agua y Suelo,-,2017-11-09,3612-2017-R-UNA,API SUNEDU
50,Universidad Nacional del Altiplano,T,INGENIERO TOPOGRAFO AGRIMENSOR,-,2005-04-01,1129-2005-P-CTG-UNA,API SUNEDU
50,Universidad Nacional del Altiplano,T,INGENIERO TOPOGRAFO Y AGRIMENSOR,-,2005-01-04,1129-2005-P-CTG-UN,API SUNEDU
50,Universidad Nacional del Altiplano,B,BACHILLER EN CIENCIAS DE LA INGENIERIA TOPOGRAFICA Y AGRIMENSURA,-,2004-11-05,235-2004-B-CTG-UNA,API SUNEDU
51,Universidad Nacional del Altiplano,M,MAGISTER SCIENTIAE EN AGROECOLOGIA,-,2010-10-15,2204-2010-R-UNA,API SUNEDU
51,Universidad Nacional del Altiplano,B,BACHILLER EN CIENCIAS AGRARIAS,-,1973-10-15,-,API SUNEDU
51,Universidad Nacional del Altiplano,T,INGENIERO AGRONOMO,-,1976-09-22,-,API SUNEDU
51,Universidad Nacional del Altiplano,D,"Doctoris Scientiae en Ciencia, Tecnología y Medio Ambiente",-,2025-07-08,2065-2025-R-UNA,API SUNEDU
52,Universidad Nacional del Altiplano,T,ING. TOPOGRAFO Y AGRIMENSOR,-,2002-01-18,0073-2002-R-UNA,API SUNEDU
52,Universidad Nacional del Altiplano,B,BACHILLER EN CIENCIAS DE LA INGENIERIA TOPOGRAFICA Y AGRIMENSURA,-,1998-12-04,2175-98-R-UNA,API SUNEDU
52,Universidad Nacional del Altiplano,T,INGENIERO TOPOGRAFO Y AGRIMENSOR,-,2002-01-18,0073-2002-R-UNA,API SUNEDU
52,Universidad Alas Peruanas S.A.,B,BACHILLER EN INGENIERIA CIVIL,-,2011-09-30,8730-2011-R-UAP,API SUNEDU
52,Universidad Nacional del Altiplano,M,Magíster Scientiae en Ordenamiento Territorial y Medio Ambiente,-,2023-11-30,3149-2023-R-UNA,API SUNEDU
53,Universidad Nacional del Altiplano,T,INGENIERO AGRONOMO,-,1995-12-29,1934-95-R-UNA,API SUNEDU
53,Universidad Nacional del Altiplano,M,MAGISTER SCIENTIAE EN ORDENAMIENTO TERRITORIAL Y MEDIO AMBIENTE,-,2011-09-02,1750-2011-R-UNA,API SUNEDU
53,Universidad Alas Peruanas S.A.,T,INGENIERO CIVIL,-,2005-07-26,3178-2005-R-UAP,API SUNEDU
53,Universidad Nacional del Altiplano,B,BACHILLER EN CIENCIAS AGRARIAS,-,1975-03-04,-,API SUNEDU
53,Universidad Andina Néstor Cáceres Velásquez,B,BACHILLER EN INGENIERIA CIVIL,-,2002-04-10,256-2002-CU-R-UANCV,API SUNEDU
53,Universidad Nacional del Altiplano,D,"Doctoris Scientiae en Ciencia, Tecnología y Medio Ambiente",-,2024-12-20,3643-2024-R-UNA,API SUNEDU
54,Universidad Nacional del Altiplano,M,MAGISTER SCIENTIAE EN: ORDENAMIENTO TERRITORIAL Y MEDIO AMBIENTE,-,2011-09-16,1936-2011-R-UNA,API SUNEDU
54,Universidad Nacional del Altiplano,B,BACHILLER EN CIENCIAS AGRARIAS,-,1976-12-07,-,API SUNEDU
54,Universidad Nacional del Altiplano,T,TOPOGRAFO Y AGRIMENSOR,-,1982-08-09,-,API SUNEDU
54,Universidad Nacional del Altiplano,T,INGENIERO AGRONOMO,-,1977-04-07,-,API SUNEDU
54,Universidad Nacional del Altiplano,D,"Doctoris Scientiae en Ciencia, Tecnología y Medio Ambiente",-,2023-11-10,2958-2023-R-UNA,API SUNEDU
55,Universidad José Carlos Mariátegui,B,BACHILLER EN INGENIERIA CIVIL,-,2010-05-28,245-2010-CU-UJCM,API SUNEDU
55,Universidad Nacional del Altiplano,T,INGENIERO TOPOGRAFO Y AGRIMENSOR,-,2001-01-26,0058-2001-R-UNA,API SUNEDU
55,Universidad Nacional del Altiplano,B,BACHILLER EN CIENCIAS DE LA INGENIERIA TOPOGRAFICA Y AGRIMENSURA,-,1999-04-16,0598-99-R-UNA,API SUNEDU
55,Universidad Nacional del Altiplano,M,MAGISTER SCIENTIAE EN: ORDENAMIENTO TERRITORIAL Y MEDIO AMBIENTE,-,2015-01-30,0245-2015-R-UNA,API SUNEDU
55,Universidad Nacional del Altiplano,D,"Doctoris Scientiae en: Ciencia, Tecnología y Medio Ambiente",-,2017-04-26,1266-2017-R-UNA,API SUNEDU
55,Universidad José Carlos Mariátegui,T,INGENIERO CIVIL,-,2013-05-24,649-2013-CU-UJCM,API SUNEDU
56,Universidad Nacional del Altiplano,T,TOPOGRAFO AGRIMENSOR,-,1981-05-29,-,API SUNEDU
56,Universidad Nacional del Altiplano,T,INGENIERO AGRONOMO,-,1982-07-16,-,API SUNEDU
56,Universidad Nacional del Altiplano,B,BACHILLER EN CIENCIAS AGRARIAS,-,1980-12-05,-,API SUNEDU
56,Universidad Nacional del Altiplano,M,MAGISTER SCIENTIAE EN ORDENAMIENTO TERRITORIAL Y MEDIO AMBIENTE,-,2009-07-03,0999-2009-R-UNA,API SUNEDU
57,Universidad Alas Peruanas S.A.,B,BACHILLER EN INGENIERIA CIVIL,-,2011-08-19,8555-2011-R-UAP,API SUNEDU
57,Universidad Nacional del Altiplano,T,INGENIERO TOPOGRAFO Y AGRIMENSOR,-,2006-09-29,2002-2006-R-UNA,API SUNEDU
57,Universidad Nacional del Altiplano,B,BACHILLER EN CIENCIAS DE LA INGENIERIA TOPOGRAFICA Y AGRIMENSURA,-,2004-11-05,235-2004-P-CTG-UNA,API SUNEDU
57,Universidad Alas Peruanas S.A.,T,INGENIERO CIVIL,-,2012-03-02,9214-2012-R-UAP,API SUNEDU
57,Universidad Nacional de San Agustín de Arequipa,M,MAESTRO EN CIENCIAS CON MENCIÓN EN PLANIFICACIÓN EN ORDENAMIENTO TERRITORIAL Y DESARROLLO URBANO,-,2025-06-13,U.G.T. N° 008-2025,API SUNEDU
58,Universidad José Carlos Mariátegui,B,BACHILLER EN INGENIERIA CIVIL,-,2009-09-07,869-2009-CU-UJCM,API SUNEDU
58,Universidad Nacional del Altiplano,T,INGENERIO TOPOGRAFO Y AGRIMENSOR,-,2004-01-16,0071-2004-R-UNA,API SUNEDU
58,Universidad José Carlos Mariátegui,T,INGENIERO CIVIL,-,2015-01-28,140-2015-CU-UJCM,API SUNEDU
58,Universidad Nacional del Altiplano,B,Bachiller en Ciencias de la Ingeniería Topográfica y Agrimensura,-,1998-12-04,2175-98-R-UNA,API SUNEDU
58,Universidad Andina Néstor Cáceres Velásquez,M,"MAGISTER EN INGENIERÍA CIVIL, MENCIÓN: DISEÑO Y CONSTRUCCIONES",-,2024-05-20,0156-2024-UANCV-CU-R,API SUNEDU
59,Universidad Nacional del Altiplano,B,BACHILLER EN CIENCIAS AGRARIAS,-,1973-02-14,-,API SUNEDU
59,Universidad Nacional del Altiplano,M,MAGISTER SCIENTIAE EN INFORMATICA,-,2007-05-04,0749-2007-R-UNA,API SUNEDU
59,Universidad Alas Peruanas S.A.,T,INGENIERO CIVIL,-,2005-07-26,3160-2005-R-UAP,API SUNEDU
59,Universidad Andina Néstor Cáceres Velásquez,B,BACHILLER EN INGENIERIA CIVIL,-,2004-05-28,069-04-CU-R,API SUNEDU
59,Universidad Nacional Agraria La Molina,M,MAGISTER SCIENTIAE,-,1984-11-08,44745,API SUNEDU
59,Universidad Nacional del Altiplano,T,INGENIERO AGRONOMO,-,1973-07-11,-,API SUNEDU
61,Universidad Nacional del Altiplano,M,MAGISTER SCIENTIAE EN SALUD ANIMAL,-,2013-05-15,1514-2013-R-UNA,API SUNEDU
61,Universidad Nacional del Altiplano,B,BACHILLER EN MEDICINA VETERINARIA Y ZOOTECNIA,-,1977-01-18,-,API SUNEDU
61,Universidad Nacional del Altiplano,T,MEDICO VETERINARIO Y ZOOTECNISTA,-,1977-03-18,-,API SUNEDU
62,Universidad Nacional del Altiplano,T,Médico Veterinario y Zootecnista,-,1974-08-15,-,API SUNEDU
62,Universidad Nacional del Altiplano,B,Bachiller en Medicina Veterinaria y Zootecnia,-,1974-08-15,-,API SUNEDU
63,Universidad Nacional del Altiplano,B,BACHILLER EN MEDICINA VETERINARIA Y ZOOTECNIA,-,1974-08-02,-,API SUNEDU
63,Universidad Nacional del Altiplano,T,MEDICO VETERINARIO Y ZOOTECNISTA,-,1975-05-16,-,API SUNEDU
63,Universidad Nacional Agraria La Molina,M,MAGISTER SCIENTIAE,ESPECIALIDAD: PRODUCCION ANIMAL,1990-02-14,50941/UNALM,API SUNEDU
63,Universidad Nacional del Altiplano,D,"DOCTORIS SCIENTIAE EN CIENCIA, TECNOLOGIA Y MEDIO AMBIENTE",-,2012-09-14,2049-2012-R-UNA,API SUNEDU
64,Universidad Nacional del Altiplano,B,BACHILLER EN MEDICINA VETERINARIA Y ZOOTECNIA,-,1976-05-17,-,API SUNEDU
64,Universidad Nacional del Altiplano,T,Médico Veterinario y Zootecnista,-,1976-07-16,-,API SUNEDU
64,Universidad Andina Néstor Cáceres Velásquez,T,ABOGADO,-,1999-07-02,137-99-CU-R-UANCV,API SUNEDU
64,Universidad Andina Néstor Cáceres Velásquez,B,BACHILLER EN DERECHO,-,1999-01-08,RES-001-1999-CU-R-UANCV,API SUNEDU
64,Universidad Nacional Mayor de San Marcos,M,MAGISTER EN FISIOLOGIA,-,1992-02-18,105312,API SUNEDU
64,Universidad Andina Néstor Cáceres Velásquez,D,DOCTOR EN SALUD PÚBLICA,-,2021-10-25,0526-2021-UANCV-CU-R,API SUNEDU
65,Universidad Nacional del Altiplano,B,BACHILLER EN CIENCIAS AGRARIAS,-,1971-07-14,-,API SUNEDU
65,Universidad Nacional del Altiplano,T,Ingeniero Agrónomo,-,1971-11-09,-,API SUNEDU
66,Universidad Nacional del Altiplano,M,Maestro en Ciencia Animal con Mención en Salud Animal,-,2018-11-30,3099-2018-R-UNA,API SUNEDU
66,Universidad Nacional del Altiplano,T,Médico Veterinario y Zootecnista,-,1975-10-17,-,API SUNEDU
66,Universidad Nacional del Altiplano,B,Bachiller en Medicina Veterinaria y Zootecnia,-,1975-10-14,-,API SUNEDU
67,Universidad Nacional del Altiplano,T,Médico Veterinario y Zootecnista,-,1979-09-05,-,API SUNEDU
67,Universidad Nacional del Altiplano,B,Bachiller en Medicina Veterinaria y Zootecnia,-,1979-01-17,-,API SUNEDU
68,Universidad de San Martín de Porres,D,DOCTORA EN GOBIERNO Y POLITICA PUBLICA,-,2014-02-07,135-2014-CU-R-USMP,API SUNEDU
68,Universidad Nacional del Altiplano,B,BACHILLER EN MEDICINA VETERINARIA Y ZOOTECNIA,-,1977-04-12,-,API SUNEDU
68,Universidad Nacional del Altiplano,T,MEDICO VETERINARIO Y ZOOTECNISTA,-,1978-03-12,-,API SUNEDU
68,CEKLEGIO DE POSTGRADUADOS,-,GRADO DE MAESTRO EN CIENCIAS ,-,,356-2004-ANR,API SUNEDU
69,Universidad Nacional del Altiplano,B,BACHILLER EN MEDICINA VETERINARIA Y ZOOTECNIA,-,1980-04-18,-,API SUNEDU
69,Universidad Nacional del Altiplano,T,MEDICO VETERINARIO Y ZOOTECNISTA,-,1980-04-21,-,API SUNEDU
69,Universidad Nacional del Altiplano,M,MAGISTER SCIENTIAE EN SALUD PUBLICA,MENCION EPIDEMIOLOGIA,2010-02-19,0286-2010-R-UNA,API SUNEDU
70,Universidad Nacional del Altiplano,B,BACHILLER EN MEDICINA VETERINARIA Y ZOOTECNIA,-,1979-06-06,-,API SUNEDU
70,Universidad Nacional del Altiplano,T,MEDICO VETERINARIO Y ZOOTECNISTA,-,1979-10-19,-,API SUNEDU
71,Universidad Nacional de San Agustín de Arequipa,D,DOCTOR EN CIENCIAS: SALUD PUBLICA,-,2011-02-18,RCU 066-2011,API SUNEDU
71,Universidad Nacional del Altiplano,B,BACHILLER EN MEDICINA VETERINARIA Y ZOOTECNIA,-,1978-02-03,-,API SUNEDU
71,Universidad Nacional del Altiplano,T,MEDICO VETERINARIO Y ZOOTECNISTA,-,1979-05-18,-,API SUNEDU
71,Universidad Nacional del Altiplano,M,MAGISTER SCIENTIAE EN GANADERIA ANDINA,-,1993-06-04,-,API SUNEDU
71,Universidad Nacional de San Agustín de Arequipa,D,DOCTORADO EN CIENCIAS: SALUD PUBLICA,-,2011-02-18,RCU 066-2011,API SUNEDU
71,Universidad Nacional de San Agustín de Arequipa,D,DOCTOR EN CIENCIAS SALUD PUBLICA,-,2011-02-18,RCU 066-2011,API SUNEDU
72,Universidad Nacional del Altiplano,T,Médico Veterinario y Zootecnista,-,1980-06-20,-,API SUNEDU
72,Universidad Nacional del Altiplano,B,BACHILLER EN MEDICINA VETERINARIA Y ZOOTECNIA,-,1980-01-15,-,API SUNEDU
74,Universidad Nacional del Altiplano,M,MAGISTER SCIENTIA EN DESARROLLO RURAL,-,1994-01-28,-,API SUNEDU
74,Universidad Nacional del Altiplano,T,MEDICO VETERINARIO Y ZOOTECNISTA,-,1980-12-05,-,API SUNEDU
74,Universidad Nacional del Altiplano,B,BACHILLER EN MEDICINA VETERINARIA Y ZOOTECNIA,-,1980-01-30,-,API SUNEDU
74,Universidad Nacional del Altiplano,D,"DOCTORIS SCIENTIAE EN CIENCIA, TECNOLOGIA Y MEDIO AMBIENTE",-,2013-07-10,2018-2013-R-UNA,API SUNEDU
75,Universidad Nacional del Altiplano,T,Médico Veterinario y Zootecnista,-,1978-04-07,-,API SUNEDU
75,Universidad Nacional del Altiplano,B,Bachiller en Medicina Veterinaria y Zootecnia,-,1977-11-22,-,API SUNEDU
75,Universidad Nacional del Altiplano,M,Maestro en Ciencia Animal con Mención en: Producción Animal,-,2022-09-22,2073-2022-R-UNA,API SUNEDU
76,Universidad Nacional del Altiplano,B,BACHILLER EN MEDICINA VETERINARIA Y ZOOTECNIA,-,1981-06-12,-,API SUNEDU
76,Universidad Nacional del Altiplano,T,MEDICO VETERINARIO Y ZOOTECNISTA,-,1981-10-02,-,API SUNEDU
77,Universidad Nacional del Altiplano,B,BACHILLER EN MEDICINA VETERINARIA Y ZOOTECNIA,-,1977-11-15,-,API SUNEDU
77,Universidad Nacional de San Agustín de Arequipa,D,DOCTOR EN CIENCIAS BIOMEDICAS,-,2011-02-18,RCU 066-2011,API SUNEDU
77,Universidad Nacional del Altiplano,T,MEDICO VETERINARIO Y ZOOTECNISTA,-,1978-04-14,-,API SUNEDU
77,Universidad Nacional del Altiplano,M,MAGISTER SCIENTIAE EN GANADERIA ANDINA,-,1998-01-02,2047-97-R-UNA,API SUNEDU
78,Universidad Nacional del Altiplano,M,MAGISTER SCIENTIAE EN PRODUCCION ANIMAL,-,2000-01-28,65-2000-R-UNA,API SUNEDU
78,Universidad Nacional del Altiplano,T,MEDICO VETERINARIO Y ZOOTECNISTA,-,1977-06-03,-,API SUNEDU
78,Universidad Nacional del Altiplano,B,BACHILLER EN MEDICINA VETERINARIA Y ZOOTECNIA,-,1977-01-10,-,API SUNEDU
79,Universidad Nacional del Altiplano,M,MAGISTER SCIENTIAE EN PRODUCCION ANIMAL,-,2001-11-23,1800-2001-R-UNA,API SUNEDU
79,Universidad Nacional del Altiplano,T,MEDICO VETERINARIO Y ZOOTECNISTA,-,1978-08-11,-,API SUNEDU
79,Universidad Nacional del Altiplano,B,BACHILLER EN MEDICINA VETERINARIA Y ZOOTECNIA,-,1977-03-25,-,API SUNEDU
79,Universidad Nacional de San Agustín de Arequipa,D,DOCTOR EN CIENCIAS: BIOMEDICAS,-,2013-01-18,RCU 017-2013,API SUNEDU
80,Universidad Nacional del Altiplano,B,BACHILLER EN MEDICINA VETERINARIA Y ZOOTECNIA,-,1977-09-23,-,API SUNEDU
80,Universidad Nacional del Altiplano,T,MEDICO VETERINARIO Y ZOOTECNISTA,-,1977-12-16,-,API SUNEDU
80,Universidad Nacional de San Agustín de Arequipa,D,DOCTOR EN CIENCIAS Y TECNOLOGIAS MEDIOAMBIENTALES,-,2012-08-17,RCU 428-2012,API SUNEDU
80,Universidad Nacional del Altiplano,M,MAGISTER SCIENTIAE EN PRODUCCION ANIMAL,-,2000-08-18,1161-2000-R-UNA,API SUNEDU
81,Universidad Nacional del Altiplano,B,BACHILLER EN MEDICINA VETERINARIA Y ZOOTECNIA,-,1981-12-22,-,API SUNEDU
81,Universidad Nacional del Altiplano,D,"DOCTORIS SCIENTIAE EN CIENCIA, TECNOLOGIA Y MEDIO AMBIENTE",-,2013-07-10,2018-2013-R-UNA,API SUNEDU
81,Universidad Nacional del Altiplano,T,MEDICO VETERINARIO Y ZOOTECNISTA,-,,-,API SUNEDU
81,FACULTAD LATINOAMERICAN DE CIENCIAS SOCIALES,-,MASTER EN ASUNTOS INDIGENAS,-,,759/2007/ANR,API SUNEDU
82,Universidad Nacional del Altiplano,T,Médico Veterinario y Zootecnista,-,1972-12-01,-,API SUNEDU
82,Universidad Nacional del Altiplano,B,Bachiller en Medicina Veterinaria y Zootecnia,-,1972-06-14,-,API SUNEDU
82,UNIVERSIDAD AUTÓNOMA CHAPINGO,-,GRADO DE DOCTOR EN CIENCIAS EN ECONOMÍA AGRÍCOLA,-,,066-98-CCI/ANR,API SUNEDU
83,Universidad Nacional del Altiplano,T,Médico Veterinario y Zootecnista,-,1980-11-14,-,API SUNEDU
83,Universidad Nacional del Altiplano,B,Bachiller en Medicina Veterinaria y Zootecnia,-,1979-09-05,-,API SUNEDU
84,Universidad Nacional Agraria La Molina,D,DOCTORIS PHILOSOPHIAE,EN: CIENCIA ANIMAL,2009-05-08,587,API SUNEDU
84,Universidad Nacional Agraria La Molina,M,MAGISTER SCIENTIAE,ESPECIALIDAD: NUTRICION,1992-09-04,52927,API SUNEDU
84,Universidad Nacional del Altiplano,T,MEDICO VETERINARIO Y ZOOTECNISTA,-,1983-08-19,-,API SUNEDU
84,Universidad Nacional del Altiplano,B,BACHILLER EN MEDICINA VETERINARIA Y ZOOTECNIA,-,1982-05-21,-,API SUNEDU
85,Universidad Nacional del Altiplano,T,MEDICO VETERINARIO Y ZOOTECNISTA,-,1976-07-01,-,API SUNEDU
85,Universidad Nacional del Altiplano,B,BACHILLER EN MEDICINA VETERINARIA Y ZOOTECNIA,-,1975-10-14,-,API SUNEDU
86,Universidad Nacional del Altiplano,M,MAGISTER SCIENTIAE EN GESTION EMPRESARIAL,-,2011-06-03,1068-2011-R-UNA,API SUNEDU
86,Universidad Nacional del Altiplano,B,BACHILLER EN MEDICINA VETERTINARIA Y ZOOTECNIA,-,1979-01-30,-,API SUNEDU
86,Universidad Nacional del Altiplano,T,MEDICO VETERINARIO Y ZOOTECNIA,-,1979-10-19,-,API SUNEDU
86,Universidad Nacional del Altiplano,D,"Doctoris Scientiae en Ciencia, Tecnología y Medio Ambiente",-,2019-03-26,0646-2019-R-UNA,API SUNEDU
87,Universidad Nacional del Altiplano,T,MEDICO VETERINARIO Y ZOOTECNISTA,-,1988-04-22,0365-88-R-UNA,API SUNEDU
87,Universidad Nacional del Altiplano,B,BACHILLER EN MEDICINA VETERINARIA Y ZOOTECNIA,-,1985-06-28,0771-85-R-UNA,API SUNEDU
87,Universidad Nacional Agraria La Molina,M,MAGISTER SCIENTIAE EN PRODUCCIÓN ANIMAL,-,1999-03-12,181-1999-UNALM,API SUNEDU
87,Universidad Nacional de San Agustín de Arequipa,D,DOCTOR EN CIENCIAS: BIOMÉDICAS,-,2024-10-18,U.G.Y.T. N° 016-2024,API SUNEDU
88,Universidad Nacional Agraria La Molina,M,MAGISTER SCIENTIAE ESPECIALIDAD EN NUTRICION,-,1998-06-16,405-98-UNALM,API SUNEDU
88,Universidad Nacional Agraria La Molina,M,MAGISTER SCIENTIAE,ESPECIALIDAD: NUTRICION,1998-06-16,405,API SUNEDU
88,Universidad Nacional Agraria La Molina,D,DOCTORIS PHILOSOPHIAE EN CIENCIA ANIMAL,-,2009-05-08,587,API SUNEDU
88,Universidad Nacional Agraria La Molina,M,MAGISTER EN SCIENTIAE,NUTRICION,1998-06-16,405-98-UNALM,API SUNEDU
88,Universidad Nacional del Altiplano,T,MEDICO VETERINARIO Y ZOOTECNISTA,-,1987-05-29,519-87-R-UNA,API SUNEDU
88,Universidad Nacional del Altiplano,B,BACHILLER EN MEDICINA VETERINARIA Y ZOOTECNIA,-,1986-10-03,1108-86-R-UNA,API SUNEDU
89,Universidad Nacional del Altiplano,T,MEDICO VETERINARIO Y ZOOTECNISTA,-,1984-10-12,1342-84-R-UNA,API SUNEDU
89,Universidad Nacional del Altiplano,D,DOCTORIS SCIENTIAE EN CIENCIAS DE LA SALUD,-,2010-05-21,1052-2010-R-UNA,API SUNEDU
89,Universidad Nacional Mayor de San Marcos,M,MAGISTER EN SALUD ANIMAL,-,2000-02-18,07873-CR-99,API SUNEDU
89,Universidad Nacional del Altiplano,B,Bachiller en Medicina Veterinaria y Zootecnia,-,1983-04-19,-,API SUNEDU
90,Universidad Nacional del Santa,D,DOCTOR EN BIOLOGIA,-,2012-07-05,366-2012-CU-R-UNS,API SUNEDU
90,Universidad Nacional del Altiplano,B,Bachiller en Medicina Veterinaria y Zootecnia,-,1986-07-18,703-86-R-UNA,API SUNEDU
91,Universidad Nacional del Altiplano,T,MEDICO VETERINARIO Y ZOOTECNISTA,-,1988-04-22,365-88-R-UNA,API SUNEDU
91,Universidad Nacional del Altiplano,B,BACHILLER EN MEDICINA VETERINARIA Y ZOOTECNIA,-,1987-11-06,1382-87-R-UNA,API SUNEDU
91,Universidad Nacional Federico Villarreal,D,DOCTOR EN SALUD PUBLICA,-,2006-11-29,3501,API SUNEDU
91,Universidad Nacional Mayor de San Marcos,M,MAGISTER EN SALUD ANIMAL,-,1999-07-12,3151-CR-99,API SUNEDU
92,Universidad Nacional del Altiplano,B,BACHILLER EN MEDICINA VETERINARIA Y ZOOTECNIA,-,1984-11-30,1657-84-R-UNA,API SUNEDU
92,Universidad Nacional del Altiplano,T,MEDICO VETERINARIO Y ZOOTECNISTA,-,1985-06-28,775-85-R-UNA,API SUNEDU
92,Universidad Nacional de San Agustín de Arequipa,D,DOCTOR EN CIENCIAS: SALUD PUBLICA,-,2013-09-27,R.C.U. 644-2013,API SUNEDU
92,Universidad Nacional Mayor de San Marcos,M,MAGISTER EN SALUD ANIMAL,-,2002-12-11,05728-R-02,API SUNEDU
93,Universidad Nacional del Altiplano,B,BACHILLER EN MEDICINA VETERINARIA Y ZOOTECNIA,-,1988-12-21,-,API SUNEDU
93,Universidad Nacional del Altiplano,T,MEDICO VETERINARIO Y ZOOTECNISTA,-,1989-11-15,1032-89-R-UNA,API SUNEDU
93,Universidad Nacional del Altiplano,M,MAGISTER SCIENTIAE EN GANADERIA ANDINA,-,1998-01-02,2047-97-R-UNA,API SUNEDU
93,Universidad Nacional de San Agustín de Arequipa,D,DOCTOR EN CIENCIAS: BIOMEDICA,-,2010-11-19,RCU 609-2010,API SUNEDU
94,Universidad Nacional del Altiplano,B,BACHILLER EN MEDICINA VETERINARIA Y ZOOTECNIA,-,1987-11-06,1383-87-R-UNA,API SUNEDU
94,Universidad Nacional del Altiplano,T,MEDICO VETERINARIO Y ZOOTECNISTA,-,1989-12-18,1132-89-R-UNA,API SUNEDU
94,UNIVERSIDAD DE SAO PAULO,M,DIPLOMA DE MAESTRO EN CIENCIAS - ÁREA DE CONCENTRACIÓN: BIOLOGÍA CELULAR Y TISULAR,-,1999-09-28,1962-2013-ANR,API SUNEDU
94,UNIVERSIDAD DE SAO PAULO,D,DIPLOMA DE DOCTOR EN CIENCIAS - ÁREA DE CONCENTRACIÓN: BIOLOGÍA CELULAR Y TISULAR,-,2003-05-06,0127-2014-ANR,API SUNEDU
95,Universidad Nacional del Altiplano,T,MEDICO VETERINARIO Y ZOOTECNISTA,-,1990-06-22,660-90-R-UNA,API SUNEDU
95,Universidad Nacional del Altiplano,B,BACHILLER EN MEDICINA VETERINARIA Y ZOOTECNIA,-,1987-11-06,1381-87-R-UNA,API SUNEDU
95,Universidad Nacional Mayor de San Marcos,M,MAGISTER EN PRODUCCION Y REPRODUCCION ANIMAL,-,2004-11-12,03120-R-04,API SUNEDU
96,Universidad Nacional del Altiplano,T,MÉDICO VETERINARIO Y ZOOTECNISTA,-,1988-04-22,365-88-R-UNA,API SUNEDU
96,Universidad Nacional del Altiplano,B,BACHILLER EN MEDICINA VETERINARIA Y ZOOTECNIA,-,1987-11-06,1373-87-R-UNA,API SUNEDU
96,UNIVERSIDAD POLITÉCNICA DE MADRID,D,TÍTULO DE DOCTOR EN CIENCIAS BIOLÓGICAS ,-,,1115-2009-ANR,API SUNEDU
96,PONTIFICIA UNIVERSIDAD CATOLICA DE CHILE,M,GRADO ACADÉMICO DE MAGISTER EN PRODUCCIÓN ANIMAL,-,,128-2000-ANR,API SUNEDU
97,Universidad Nacional del Altiplano,M,MAGISTER SCIENTIAE EN SALUD ANIMAL,-,2011-03-18,0507-2011-R-UNA,API SUNEDU
97,Universidad Nacional del Altiplano,B,BACHILLER EN MEDICINA VETERINARIA Y ZOOTECNIA,-,1981-12-22,-,API SUNEDU
97,Universidad Nacional del Altiplano,T,MEDICO VETERINARIO Y ZOOTECNISTA,-,1982-11-26,-,API SUNEDU
97,Universidad Nacional del Altiplano,D,Doctoris Scientiae en Ciencias de la Salud,-,2018-11-30,3097-2018-R-UNA,API SUNEDU
98,Universidad Nacional del Altiplano,T,MEDICO VETERINARIO Y ZOOTECNISTA,-,1991-01-11,27-91-R-UNA,API SUNEDU
98,Universidad Nacional del Altiplano,B,BACHILLER EN MEDICINA VETERINARIA Y ZOOTECNIA,-,1990-01-26,-,API SUNEDU
98,Universidad Nacional del Altiplano,M,MAGISTER SCIENTIAE EN PRODUCCION ANIMAL,-,2001-01-26,0061-2001-R-UNA,API SUNEDU
98,Universidad Nacional de San Agustín de Arequipa,D,DOCTOR EN CIENCIAS: SALUD PUBLICA,-,2016-03-23,R.C.U. 127-2016,API SUNEDU
99,Universidad Nacional del Altiplano,B,BACHILLER EN MEDICINA VETERINARIA Y ZOOTECNIA,-,1991-02-01,137-91-R-UNA,API SUNEDU
99,Universidad Nacional de San Agustín de Arequipa,M,MAESTRO EN CIENCIAS: BIOMEDICAS BASICAS - no registra bachiller,BIOQUIMICA Y BIOLOGIA MOLECULAR,2011-05-13,RCU 145-2011,API SUNEDU
99,Universidad Nacional de San Agustín de Arequipa,D,DOCTOR EN BIOLOGÍA MOLECULAR Y BIOTECNOLOGÍA,-,2019-01-11,O.G.Y.T. 001-2019,API SUNEDU
99,Universidad Nacional de San Agustín de Arequipa,M,MAESTRO EN CIENCIAS: BIOMEDICAS BASICAS,BIOQUIMICA Y BIOLOGIA MOLECULAR,2011-05-13,RCU 145-2011,API SUNEDU
100,Universidad Nacional del Altiplano,M,MAGISTER SCIENTIAE EN PRODUCCION ANIMAL,-,2010-12-24,2731-2010-R-UNA,API SUNEDU
100,Universidad Nacional del Altiplano,B,BACHILLER EN MEDICINA VETERINARIA Y ZOOTECNIA,-,1981-09-03,-,API SUNEDU
100,Universidad Nacional del Altiplano,T,MEDICO VETERINARIO Y ZOOTECNISTA,-,1981-12-11,-,API SUNEDU
100,Universidad Nacional del Altiplano,D,"Doctor en Ciencia, Tecnología y Medio Ambiente",-,2025-06-10,1710-2025-R-UNA,API SUNEDU
102,Universidad Nacional del Altiplano,B,BACHILLER EN MEDICINA VETERINARIA Y ZOOTECNIA,-,1976-08-31,-,API SUNEDU
102,Universidad Nacional del Altiplano,T,MEDICO VETERINARIO Y ZOOTECNISTA,-,1976-11-19,-,API SUNEDU
103,Universidad Nacional del Altiplano,T,Médico Veterinario y Zootecnista,-,1980-01-15,-,API SUNEDU
103,Universidad Nacional del Altiplano,B,Bachiller en Medicina Veterinaria y Zootecnia,-,1979-04-04,-,API SUNEDU
104,Universidad Nacional del Altiplano,T,Médico Veterinario y Zootecnista,-,1980-12-05,-,API SUNEDU
104,Universidad Nacional del Altiplano,B,Bachiller en Medicina Veterinaria y Zootecnia,-,1979-09-05,-,API SUNEDU
104,Universidad Nacional del Altiplano,M,Maestro en Ciencia Animal con Mención en: Salud Animal,-,2023-08-24,2210-2023-R-UNA,API SUNEDU
106,Universidad Nacional del Altiplano,B,BACHILLER EN MEDICINA VETERINARIA Y ZOOTECNIA,-,1994-02-04,-,API SUNEDU
106,Universidad Nacional del Altiplano,T,MEDICO VETERINARIO Y ZOOTECNISTA,-,1994-12-02,1770-94-R-UNA,API SUNEDU
106,Universidad Nacional del Altiplano,M,MAGISTER SCIENTIAE EN: SALUD PUBLICA,CON MENCION EN: EPIDEMIOLOGIA,2014-07-09,2367-2014-R-UNA,API SUNEDU
106,Universidad Nacional del Altiplano,D,Doctoris Scientiae en Ciencias de la Salud,-,2023-12-28,3492-2023-R-UNA,API SUNEDU
107,Universidad Nacional del Altiplano,B,BACHILLER EN MEDICINA VETERINARIA Y ZOOTECNIA,-,1992-10-02,1174-92-R-UNA,API SUNEDU
107,Universidad Nacional del Altiplano,M,MAGISTER SCIENTIAE EN REPRODUCCION ANIMAL,-,2012-02-24,0345-2012-R-UNA,API SUNEDU
107,Universidad Nacional del Altiplano,T,MEDICO VETERINARIO Y ZOOTECNISTA,-,1992-12-18,1549-92-R-UNA,API SUNEDU
107,Universidad Nacional del Altiplano,D,"Doctoris Scientiae en: Ciencia, Tecnología y Medio Ambiente",-,2017-12-15,4026-2017-R-UNA,API SUNEDU
108,Universidad Nacional del Altiplano,D,DOCTORIS SCIENTIAE EN: CIENCIAS DE LA SALUD,-,2015-11-28,3474-2015-R-UNA,API SUNEDU
108,Universidad Nacional del Altiplano,B,BACHILLER EN MEDICINA VETERINARIA Y ZOOTECNIA,-,1988-12-21,-,API SUNEDU
108,Universidad Nacional del Altiplano,T,MEDICO VETERINARIO Y ZOOTECNISTA,-,1991-02-01,137-91-R-UNA,API SUNEDU
108,Universidad Nacional del Altiplano,M,MAGISTER SCIENTIAE EN PRODUCCION ANIMAL,-,2003-12-19,2228-2003-R-UNA,API SUNEDU
109,Universidad Nacional del Altiplano,B,BACHILLER EN MEDICINA VETERINARIA Y ZOOTECNIA,-,1995-07-21,956-95-R-UNA,API SUNEDU
109,Universidad Nacional del Altiplano,T,MEDICO VETERINARIO Y ZOOTECNISTA,-,1996-01-19,068-96-R-UNA,API SUNEDU
109,PONTIFICIA UNIVERSIDAD CATOLICA DE CHILE,M,GRADO ACADÉMICO DE MAGÍSTER EN PRODUCCIÓN ANIMAL,-,1999-09-01,RESOLUCIÓN Nº 7314-2018-SUNEDU-02-15-02,API SUNEDU
110,Universidad Nacional del Altiplano,T,MEDICO VETERINARIO Y ZOOTECNISTA,-,2004-02-06,0251-2004-R-UNA,API SUNEDU
110,Universidad Nacional del Altiplano,B,BACHILLER EN MEDICINA VETERINARIA Y ZOOTECNIA,-,1991-12-20,1490-91-R-UNA,API SUNEDU
110,Universidad Nacional del Altiplano,M,Magíster Scientiae en Producción Animal,-,2018-01-09,0027-2018-R-UNA,API SUNEDU
111,Universidad Nacional del Altiplano,B,BACHILLER EN MEDICINA VETERINARIA Y ZOOTECNIA,-,1996-10-11,1490-96-R-UNA,API SUNEDU
111,Universidad Nacional del Altiplano,T,MEDICO VETERINARIO Y ZOOTECNISTA,-,1998-12-04,2174-98-R-UNA,API SUNEDU
111,Universidad Nacional del Altiplano,M,Magíster Scientiae en Economía Mención en: Proyectos de Inversión,-,2019-11-15,2895-2019-R-UNA,API SUNEDU
112,Universidad Nacional del Altiplano,T,MEDICO VETERINARIO Y ZOOTECNISTA,-,2005-02-04,401-2005-P-CTG-UNA,API SUNEDU
112,Universidad Nacional Agraria La Molina,M,MAGISTER SCIENTIAE,ESPECIALIDAD: PRODUCCION ANIMAL,2007-12-28,848/UNALM,API SUNEDU
112,Universidad Nacional Agraria La Molina,D,DOCTORIS PHILOSHOPHIAE EN CIENCIA ANIMAL,-,2019-10-28,397-CU-UNALM,API SUNEDU
112,Universidad Nacional del Altiplano,B,BACHILLER EN MEDICINA VETERINARIA Y ZOOTECNIA,-,2003-10-03,1779-2003-R-UNA,API SUNEDU
113,Universidad Nacional Federico Villarreal,D,DOCTOR EN ADMINISTRACION,-,2007-07-13,4777,API SUNEDU
113,Universidad Nacional del Altiplano,D,DOCTORIS SCIENTIAE,ECONOMIA Y GESTION,2010-12-24,2735-2010-R-UNA,API SUNEDU
113,Universidad Nacional del Altiplano,D,DOCTORIS SCIENTIAE EN ECONOMIA Y GESTION,-,2010-12-24,2735-2010-R-UNA,API SUNEDU
113,-,M,MASTER EN ASUNTOS PUBLICOS E INTERNACIONALES,-,1979-11-13,8080-79-CONUP,API SUNEDU
113,UNIVERSIDAD DE PITTSBURGH,-,GRADO DE BACHILLER EN HUMANIDADES - TÍTULO PROFESIONAL DE ECONOMÍA,-,,01060-2012-ANR,API SUNEDU
113,UNIVERSIDAD DE PITTSBURGH,M,GRADO DE MÁSTER EN ASUNTOS PÚBLICOS E INTERNACIONALES,-,,8080-79-CONUP,API SUNEDU
113,UNIVERSIDAD DE PITTSBURGH,-,GRADO DE MASTER EN ASUNTOS PUBLICOS ,-,,7728-79-CONUP,API SUNEDU
113,UNIVERSIDAD DE PITTSBURGH,T,GRADO DE BACHILLER EN HUMANIDADES-TÍTULO PROFESIONAL DE ECONOMÍA,-,,1060-2012-ANR,API SUNEDU
114,Universidad Nacional del Altiplano,D,DOCTORIS SCIENTIAE EN CONTABILIDAD Y ADMINISTRACION,-,2012-12-06,2894-2012-R-UNA,API SUNEDU
114,Universidad Nacional del Altiplano,T,INGENIERO ECONOMISTA,-,1976-12-14,-,API SUNEDU
114,Universidad Nacional del Altiplano,B,BACHILLER EN ECONOMIA,-,1975-12-19,-,API SUNEDU
114,Universidad Nacional del Altiplano,M,MAGISTER SCIENTIAE EN ECONOMIA: ECONOMIA DE LA EMPRESA,-,1997-09-12,1199-97-R-UNA,API SUNEDU
114,Universidad Privada San Carlos S.A.C.,B,Bachiller en Derecho,-,2023-03-16,018-2023-UPSC/CU/PUNO,API SUNEDU
114,Universidad Privada San Carlos S.A.C.,T,Abogado,-,2023-10-12,083-2023-UPSC/CU/PUNO,API SUNEDU
116,Universidad Nacional del Altiplano,T,Ingeniero Economista,-,1980-01-30,-,API SUNEDU
116,Universidad Nacional del Altiplano,B,Bachiller en Economía,-,1978-10-31,-,API SUNEDU
116,COLEGIO DE MEXICO,D,GRADO DE DOCTOR EN ESTUDIOS URBANOS Y AMBIENTALES,-,,1233-2010-ANR,API SUNEDU
116,UNIVERSIDAD DE LOS ANDES,M,TÍTULO DE MAGISTER EN PLANIFICACIÓN Y ADMINISTRACIÓN DEL DESARROLLO REGIONAL,-,,548-90-ANR,API SUNEDU
117,Universidad Nacional de San Agustín de Arequipa,B,BACHILLER EN CIENCIAS ECONOMICAS Y COMERCIALES,-,1978-03-17,-,API SUNEDU
117,Universidad Nacional de San Agustín de Arequipa,T,ECONOMISTA,-,1980-11-11,-,API SUNEDU
117,-,M,MAESTRO EN ECONOMIA,UNI. NAC. AUTONOMA DE MEXICO - MEXICO,,1174-98-ANR,API SUNEDU
117,Universidad Nacional Federico Villarreal,D,DOCTOR EN ECONOMIA,-,2003-12-31,7518,API SUNEDU
117,UNIV. NACIONAL AUTÓNOMA DE MÉXICO,-,GRADO DE MAESTRO EN ECONOMÍA,-,,1174-98-ANR,API SUNEDU
118,Universidad Nacional del Altiplano,T,INGENIERO ECONOMISTA,-,1986-11-14,1369-86-R-UNA,API SUNEDU
118,Universidad Nacional del Altiplano,B,BACHILLER EN ECONOMIA,-,1973-08-13,-,API SUNEDU
118,Universidad Nacional de San Agustín de Arequipa,D,DOCTOR EN CIENCIAS,CON MENCION EN ECONOMIA Y GESTION,2014-04-11,RCU 158-2014,API SUNEDU
118,UNIVERSIDAD MAYOR DE SAN ANDRES,-,GRADO DE MAESTRO EN CIENCIAS MENCION DESARROLLO AGRARIO,-,,604-95-ANR,API SUNEDU
119,Universidad Nacional Agraria La Molina,M,MAGISTER SCIENTAE. ESPECIALIDAD: ECONOMIA AGRICOLA,-,1999-09-21,528/99-UNALM,API SUNEDU
119,Universidad Nacional Agraria La Molina,M,MAGISTER SCIENTIAE,ECONOMIA AGRICOLA,1999-09-21,528-1999-UNALM,API SUNEDU
120,Universidad Nacional del Altiplano,D,DOCTORIS SCIENTIAE EN: ADMINISTRACION,-,2014-07-09,2367-2014-R-UNA,API SUNEDU
120,Universidad Nacional del Altiplano,B,Bachiller en Economía,-,1978-11-08,-,API SUNEDU
120,Universidad Nacional del Altiplano,T,Ingeniero Economista,-,1982-01-29,-,API SUNEDU
120,UNIVERSIDAD MAYOR DE SAN ANDRÉS,M,GRADO DE MAESTRO EN CIENCIAS EN POLÍTICAS DEL DESARROLLO,-,2005-10-31,1725-2006-ANR,API SUNEDU
121,Universidad Inca Garcilaso de la Vega Asociación Civil,M,MAESTRO EN ADMINISTRACION DE LA EDUCACION,-,1998-07-06,347-98-RUIGV,API SUNEDU
121,Universidad Nacional Federico Villarreal,D,DOCTOR EN ADMINISTRACION,-,2008-05-20,6812,API SUNEDU
121,Universidad Nacional del Altiplano,B,BACHILLER EN ECONOMIA,-,,-,API SUNEDU
121,Universidad Nacional del Altiplano,B,BACHILLER EN INGENIERIA ECONOMICA,-,1979-05-18,-,API SUNEDU
122,Universidad Nacional del Altiplano,B,BACHILLER EN ECONOMÍA,-,1979-05-18,SR,API SUNEDU
122,Universidad Nacional del Altiplano,T,INGENIERO ECONOMISTA,-,1982-05-14,SR,API SUNEDU
122,Universidad Nacional de San Agustín de Arequipa,D,DOCTOR EN CIENCIAS,ECONOMIA Y GESTION,2015-07-24,R.C.U. 287-2015,API SUNEDU
122,Universidad Nacional del Altiplano,M,MAGISTER EN SCIENTIAE EN ECONOMIA,-,2004-04-30,745-2004-R-UNA,API SUNEDU
123,Universidad del Pacífico,M,MAGISTER EN ADMINISTRACION,-,1999-08-10,-,API SUNEDU
123,Universidad de San Martín de Porres,D,DOCTOR EN GOBIERNO Y POLITICA PUBLICA,-,2013-05-22,679-2013-CU-R-USMP,API SUNEDU
123,Universidad Nacional del Altiplano,B,Bachiller En Economía,-,1981-07-10,-,API SUNEDU
124,Universidad Nacional de San Antonio Abad del Cusco,B,BACHILLER EN ECONOMIA,-,1976-08-09,R-630-76,API SUNEDU
124,Universidad Nacional de San Antonio Abad del Cusco,T,ECONOMISTA,-,1985-12-19,R-984-85,API SUNEDU
125,Universidad Nacional del Altiplano,T,INGENIERO ECONOMISTA,-,1981-04-10,-,API SUNEDU
125,Universidad Nacional del Altiplano,B,BACHILLER EN ECONOMIA,-,1977-04-12,-,API SUNEDU
125,Universidad Nacional del Altiplano,M,MAGISTER SCIENTIAE EN LINGÜISTICA ANDINA Y EDUCACION,MENCION EN PLANIFICACION Y GESTION EN EDUCACION BILINGÜE INTERCULTURAL,2010-05-21,1055-2010-R-UNA,API SUNEDU
125,Universidad Nacional Federico Villarreal,D,DOCTOR EN ECONOMIA,-,2019-02-04,4723,API SUNEDU
125,Universidad Nacional del Altiplano,M,MAGISTER SCIENTIAE EN DESARROLLO RURAL,-,2001-01-12,0030-2001-R-UNA,API SUNEDU
126,-,M,MAGISTER EN DERECHO ECONOMICO,RECONOCIMIENTO RES. 1166-98-ANR,,1166-98-ANR,API SUNEDU
126,Universidad Alas Peruanas S.A.,B,BACHILLER EN DERECHO,-,2010-03-25,6815-2010-R-UAP,API SUNEDU
126,Universidad Nacional del Altiplano,B,BACHILLER EN ECONOMIA,-,1982-05-14,-,API SUNEDU
126,Universidad Nacional del Altiplano,T,INGENIERO ECONOMISTA,-,1985-01-25,045-85-R-UNA,API SUNEDU
126,Universidad Nacional Federico Villarreal,D,DOCTOR EN ADMINISTRACION,-,2008-06-24,7119,API SUNEDU
126,UNIV. ANDINA SIMÓN BOLIVAR,-,GRADO DE MAGÍSTER EN DERECHO ECONÓMICO,-,,1166-98-ANR,API SUNEDU
127,Universidad Nacional del Altiplano,D,DOCTORIS SCIENTIAE EN ECONOMIA Y GESTION,-,2013-12-03,3726-2013-R-UNA,API SUNEDU
127,Universidad Nacional del Altiplano,T,INGENIERO ECONOMISTA,-,1985-12-27,1945-85-R-UNA,API SUNEDU
127,Universidad Nacional del Altiplano,B,BACHILLER EN ECONOMÍA,-,1985-09-12,1048-85-R-UNA,API SUNEDU
127,UNIVERSIDAD DE LOS ANDES,M,DIPLOMA DE MAGISTER EN ECONOMÍA DEL MEDIO AMBIENTE Y RECURSOS NATURALES,-,,918-97-ANR,API SUNEDU
128,Universidad Nacional de San Agustín de Arequipa,D,DOCTOR EN CIENCIAS,CON MENCION EN ECONOMIA Y GESTION,2009-11-27,RCU 775-2009,API SUNEDU
128,Universidad Nacional del Altiplano,M,MAGISTER SCIENTIE EN ECONOMIA,-,2001-07-13,1005-2001-R-UNA,API SUNEDU
128,Universidad Nacional del Altiplano,B,BACHILLER EN ECONOMIA,-,1981-07-03,-,API SUNEDU
128,Universidad Nacional del Altiplano,T,INGENIERO ECONOMISTA,-,1985-01-25,049-85-R-UNA,API SUNEDU
128,Universidad Nacional del Altiplano,M,MAGISTER SCIENTIAE EN ECONOMIA,-,2001-07-13,1005-2001-R-UNA,API SUNEDU
129,Universidad Nacional del Altiplano,D,DOCTORIS SCIENTIAE EN ECONOMIA Y GESTION,-,2011-03-18,0504-2011-R-UNA,API SUNEDU
129,Universidad Nacional del Altiplano,B,BACHILLER EN ECONOMIA,-,1990-11-02,1300-90-R-UNA,API SUNEDU
129,Universidad Nacional del Altiplano,T,INGENIERO ECONOMISTA,-,1992-04-10,363-92-R-UNA,API SUNEDU
129,UNIVERSIDAD DE LOS ANDES,-,DIPLOMA DE MAGISTER EN ECONOMIA  ,-,,048-2002-ANR,API SUNEDU
130,Universidad Nacional del Altiplano,B,Bachiller en Economía,-,1977-01-04,-,API SUNEDU
130,Universidad Inca Garcilaso de la Vega Asociación Civil,D,DOCTOR EN ADMINISTRACIÓN,-,2024-01-31,21-2024-CU-UIGV,API SUNEDU
130,Universidad Inca Garcilaso de la Vega Asociación Civil,M,MAESTRO EN ADMINISTRACION DE LA EDUCACION,-,2003-09-05,506-2003-RUIGV,API SUNEDU
131,Universidad Nacional del Altiplano,B,Bachiller en Economía,-,1983-05-06,-,API SUNEDU
131,Universidad Nacional del Altiplano,T,Ingeniero Economista,-,1989-08-11,726-89-R-UNA,API SUNEDU
131,Universidad Nacional Agraria La Molina,D,DOCTORIS PHILOSOPHIAE EN ECONOMÍA DE LOS RECURSOS NATURALES Y EL DESARROLLO SUSTENTABLE,-,2024-02-27,079-CU-UNALM,API SUNEDU
131,UNIVERSIDAD MAYOR DE SAN SIMÓN,T,DIPLOMA ACADÉMICO DE MAGISTER EN MEDIO AMBIENTE Y DESARROLLO SOSTENIBLE MENCIÓN EN GESTIÓN AMBIENTAL URBANA O RURAL,-,2002-03-12,2086-2006-ANR,API SUNEDU
132,Universidad Nacional del Altiplano,D,DOCTORIS SCIENTIAE EN: ECONOMIA Y GESTION,-,2015-07-01,1947-2015-R-UNA,API SUNEDU
132,Universidad Nacional del Altiplano,B,BACHILLER EN ECONOMIA,-,1989-08-11,741-89-R-UNA,API SUNEDU
132,Universidad Nacional del Altiplano,T,INGENIERO ECONOMISTA,-,1992-01-31,173-92-R-UNA,API SUNEDU
132,UNIVERSIDAD DE LOS ANDES,M,DIPLOMA DE MAGISTER EN ECONOMÍA DEL MEDIO AMBIENTE Y RECURSOS NATURALES,-,,939-2005-ANR,API SUNEDU
133,Universidad Inca Garcilaso de la Vega Asociación Civil,T,ABOGADO,-,2011-06-06,0439-2011-CU-UIGV,API SUNEDU
133,Universidad Inca Garcilaso de la Vega Asociación Civil,B,BACHILLER EN DERECHO Y CIENCIAS POLITICAS,-,2008-09-25,0766-2008-CU-UIGV,API SUNEDU
133,"UNIV, MAYOR DE SAN ANDRES",-,MAESTRO EN CIENCIAS EN RELACIONES ECONOMICAS INTERNACIONALES E INTEGRACION,-,,1178-2005-ANR,API SUNEDU
134,Universidad Nacional del Altiplano,T,INGENIERO ECONOMISTA,-,,1104-90-R-UNA,API SUNEDU
134,Universidad Nacional del Altiplano,B,BACHILLER EN ECONOMIA,-,,-,API SUNEDU
134,UNIVERSIDAD DE LOS ANDES,M,DIPLOMA DE MAGÍSTER EN ECONOMÍA,-,2006-03-18,2177-2006-ANR,API SUNEDU
135,Universidad Nacional del Altiplano,T,INGENIERO ECONOMISTA,-,1994-11-11,1645-94-R-UNA,API SUNEDU
135,Universidad Nacional del Altiplano,B,BACHILLER EN ECONOMIA,-,1994-08-12,1158-94-R-UNA,API SUNEDU
135,Pontificia Universidad Católica del Perú,M,MAGISTER EN ECONOMIA,-,,-,API SUNEDU
135,UNIVERSIDAD COMPLUTENSE DE MADRID   Y UNIVERSIDAD AUTÓNOMA DE MADRID  ,D,TÍTULO UNIVERSITARIO OFICIAL DE DOCTOR DENTRO DEL PROGRAMA CONJUNTO OFICIAL DE DOCTORADO EN FINANZAS DE EMPRESA,-,2016-01-16,RESOLUCIÓN Nº 5771-2018-SUNEDU-02-15-02,API SUNEDU
136,Universidad Nacional del Altiplano,M,MAGISTER SCIENTIAE EN ECONOMIA,MENCION EN: FINANZAS,2010-04-16,0805-2010-R-UNA,API SUNEDU
136,Universidad Nacional del Altiplano,T,INGENIERO ECONOMISTA,-,1987-11-27,1588-87-R-UNA,API SUNEDU
136,Universidad Nacional del Altiplano,B,BACHILLER EN INGENIERIA ECONOMICA,-,1986-10-24,1239-86-R-UNA,API SUNEDU
136,Universidad Nacional del Altiplano,D,Doctoris Scientiae en Economía y Gestión,-,2018-12-19,3305-2018-R-UNA,API SUNEDU
137,Universidad Nacional del Altiplano,M,MAGISTER SCIENTIAE EN ECONOMIA,-,2011-03-18,0512-2011-R-UNA,API SUNEDU
137,Universidad Nacional del Altiplano,B,BACHILLER EN ECONOMÍA,-,1985-11-22,1564-85-R-UNA,API SUNEDU
137,Universidad Nacional del Altiplano,T,INGENIERO ECONOMISTA,-,1989-08-11,726-89-R-UNA,API SUNEDU
137,Universidad Nacional del Altiplano,D,Doctor en Economía y Políticas Públicas,-,2021-10-11,1860-2021-R-UNA,API SUNEDU
138,Universidad Nacional del Altiplano,B,BACHILLER EN ECONOMIA,-,1978-06-14,-,API SUNEDU
138,Universidad Nacional del Altiplano,T,INGENIERO ECONOMISTA,-,1982-09-24,-,API SUNEDU
138,Universidad Nacional Mayor de San Marcos,M,MAGISTER EN EDUCACION CON MENCION EN DOCENCIA EN EL NIVEL SUPERIOR,-,2024-09-11,011253-2024-R/UNMSM,API SUNEDU
139,UNIVERSIDAD DE CHILE,-,GRADO DE LICENCIADO EN CIENCIAS ECONÓMICAS COMO TÍTULO PROFESIONAL,-,,383-90-ANR,API SUNEDU
139,UNIVERSIDAD DE CHILE,-,GRADO DE MAGISTER  EN CIENCIAS CON MENCION EN ECONOMIA,-,,0957-2013-ANR,API SUNEDU
139,UNIVERSIDAD DE CHILE,-,TÍTULO DE INGENIERO COMERCIAL,-,,385-90-ANR,API SUNEDU
140,Universidad Nacional Mayor de San Marcos,T,ABOGADO,-,,108526,API SUNEDU
140,Universidad Nacional Mayor de San Marcos,B,BACHILLER EN DERECHO Y CIENCIAS POLITICAS,-,1992-07-17,107260,API SUNEDU
140,Universidad Nacional de Ingeniería,B,BACHILLER EN CIENCIAS CON MENCION EN ECONOMIA,-,1980-01-18,-,API SUNEDU
140,Universidad Nacional de Ingeniería,T,TITULO PROFESIONAL DE INGENIERO ECONOMISTA,-,1983-10-08,1731,API SUNEDU
140,Universidad Nacional Mayor de San Marcos,B,BACHILLER ACADEMICO EN CIENCIA SOCIAL ESPECIALIDAD SOCIOLOGIA,-,1978-08-10,54694,API SUNEDU
140,Universidad Nacional Mayor de San Marcos,T,LICENCIADO EN SOCIOLOGÍA,-,1979-04-03,56953,API SUNEDU
140,Universidad Inca Garcilaso de la Vega Asociación Civil,M,MAESTRO EN DERECHO CIVIL,-,2023-05-30,79-2023-CU-UIGV,API SUNEDU
140,Universidad Inca Garcilaso de la Vega Asociación Civil,D,DOCTOR EN DERECHO,-,2025-02-21,015-2025-CU-UIGV,API SUNEDU
141,Universidad Nacional del Altiplano,T,INGENIERO ECONOMISTA,-,1998-12-31,2380-98-R-UNA,API SUNEDU
141,Universidad Nacional del Altiplano,B,BACHILLER EN ECONOMIA,-,1992-10-02,1154-92-R-UNA,API SUNEDU
141,Universidad Nacional del Altiplano,S,Título de Segunda Especialización Profesional de Desarrollo Económico Territorial,-,2019-09-18,2412-2019-R-UNA,API SUNEDU
142,Universidad Nacional del Altiplano,B,BACHILLER EN ECONOMIA,-,1988-02-05,210-88-R-UNA,API SUNEDU
142,Universidad Nacional del Altiplano,M,MAGISTER SCIENTIAE EN DESARROLLO RURAL,-,1996-06-28,0890-96-R-UNA,API SUNEDU
142,Universidad Nacional del Altiplano,T,Ingeniero Economista,-,1992-02-07,-,API SUNEDU
142,UNIVERSIDAD AUTONOMA CHAPINGO,T,GRADO DE DOCTOR EN CIENCIAS EN ECONOMÍA AGRÍCOLA,-,,1541-2014-ANR,API SUNEDU
143,Universidad Nacional del Altiplano,B,BACHILLER EN ECONOMIA,-,1994-08-12,1158-94-R-UNA,API SUNEDU
143,Universidad Nacional del Altiplano,T,INGENIERO ECONOMISTA,-,1995-02-17,211-95-R-UNA,API SUNEDU
143,Universidad Nacional del Altiplano,M,MAGISTER SCIENTIAE EN ECONOMIA,MENCION: PROYECTOS DE INVERSION,2007-07-06,1290-2007-R-UNA,API SUNEDU
143,Universidad Nacional del Altiplano,D,Doctor/Doctoris Scientiae en: Contabilidad y Administración,-,2017-05-30,1534-2017-R-UNA,API SUNEDU
143,Universidad Nacional del Altiplano,S,SEGUNDA ESPECIALIZACION EN: DESARROLLO ECONOMICO TERRITORIAL,-,2015-05-25,1552-2015-R-UNA,API SUNEDU
143,UNIVERSIDAD ALBERTO HURTADO,M,GRADO ACADÉMICO DE MAGÍSTER EN ECONOMÍA,-,2011-05-13,0212-2012-ANR,API SUNEDU
144,Universidad Nacional del Altiplano,D,DOCTORIS SCIENTIAE EN: ECONOMIA Y GESTION,-,2014-01-16,0119-2014-R-UNA,API SUNEDU
144,Universidad Nacional del Altiplano,B,Bachiller en Economía,-,1995-08-18,1135-95-R-UNA,API SUNEDU
144,Universidad Nacional del Altiplano,T,Ingeniero Economista,-,1996-06-28,858-96-R-UNA,API SUNEDU
144,UNIVERSIDAD DE LOS ANDES,T,DIPLOMA DE MAGÍSTER EN ECONOMÍA,-,2003-09-20,1906-2003-ANR,API SUNEDU
145,Universidad Nacional del Altiplano,T,INGENIERO ECONOMISTA,-,1998-07-03,1217-98-R-UNA,API SUNEDU
145,Pontificia Universidad Católica del Perú,M,MAGISTER EN ECONOMIA,-,2006-03-29,-,API SUNEDU
145,Universidad Nacional del Altiplano,B,BACHILLER EN ECONOMIA,-,1997-05-30,0605-97-R-UNA,API SUNEDU
145,UNIVERSIDAD AUTONOMA CHAPINGO,D,GRADO DE DOCTOR EN CIENCIAS EN ECONOMÍA AGRÍCOLA,-,,1407-2014-ANR,API SUNEDU
146,Universidad Nacional del Altiplano,B,BACHILLER EN ECONOMIA,-,1997-08-22,1114-97-R-UNA,API SUNEDU
146,Universidad Nacional del Altiplano,T,INGENIERO ECONOMISTA,-,1997-11-28,1765-97-R-UNA,API SUNEDU
146,UNIVERSIDAD DE LOS ANDES ,M,DIPLOMA DE MAGISTER EN ECONOMÍA,-,,870-2005-ANR,API SUNEDU
146,UNIV AUTONOMA DE CHAPINGO,-,GRADO DE DOCTOR EN CIENCIAS EN ECONOMIA AGRICOLA,-,,739-2010-ANR,API SUNEDU
146,UNIVERSIDAD AUTONOMA CHAPINGO,D,GRADO DE DOCTOR EN CIENCIAS EN ECONOMÍA AGRÍCOLA,-,,0739-2010-ANR,API SUNEDU
146,UNIVERSIDAD DE LOS ANDES ,M,DIPLOMA DE MAGISTER EN ECONOMÍA DEL MEDIO AMBIENTE Y RECURSOS NATURALES,-,,871-2005-ANR,API SUNEDU
147,Universidad Nacional del Altiplano,T,INGENIERO ECONOMISTA,-,1998-12-31,2380-98-R-UNA,API SUNEDU
147,Universidad Nacional del Altiplano,M,Magíster Scientiae en: Economía,Mención en: Proyectos de Inversión,2016-12-29,4854-2016-R-UNA,API SUNEDU
147,Universidad Alas Peruanas S.A.,B,BACHILLER EN INGENIERÍA CIVIL,-,2022-12-16,020073V-2022-R-UAP,API SUNEDU
147,Universidad Alas Peruanas S.A.,T,INGENIERO CIVIL,-,2023-09-08,0722-2023-R-UAP,API SUNEDU
147,Universidad Nacional del Altiplano,B,BACHILLER EN ECONOMIA,-,1997-10-17,1454-97-R-UNA,API SUNEDU
148,Universidad Nacional del Altiplano,M,MAGISTER SCIENTIAE EN GESTION EMPRESARIAL,-,2008-04-18,0901-2008-R-UNA,API SUNEDU
148,Universidad Nacional del Altiplano,B,BACHILLER EN CIENCIAS ECONOMICAS,-,1985-09-12,1051-85-R-UNA,API SUNEDU
148,Universidad Nacional del Altiplano,T,INGENIERO ECONOMISTA,-,1990-12-21,1491-90-R-UNA,API SUNEDU
148,Universidad Nacional del Altiplano,S,Segunda Especialización Profesional de Desarrollo Económico Territorial,-,2018-12-27,3408-2018-R-UNA,API SUNEDU
148,Universidad Nacional del Altiplano,D,DOCTORIS SCIENTIAE EN: ECONOMIA Y GESTION,-,2014-09-04,3061-2014-R-UNA,API SUNEDU
149,Universidad Nacional del Altiplano,T,INGENIERO ECONOMISTA,-,2003-10-03,1778-2003-R-UNA,API SUNEDU
149,Universidad Nacional del Altiplano,B,BACHILLER EN INGENIERIA ECONOMICA,-,2002-09-13,1550-2002-R-UNA,API SUNEDU
149,Universidad Nacional del Altiplano,B,BACHILLER EN ECONOMIA,-,2002-09-13,1550-2002-R-UNA,API SUNEDU
149,UNIVERSIDAD DE LOS ANDES,M,DIPLOMA DE MAGÍSTER EN ECONOMÍA DEL MEDIO AMBIENTE Y RECURSOS NATURALES,-,2006-07-16,761-2007-ANR,API SUNEDU
149,DE LOS ANDES,-,MASTER EN ECONOMIA DEL MEDIO AMBIENTE,-,,761/2007/ANR,API SUNEDU
150,Universidad Nacional del Altiplano,B,BACHILLER EN ECONOMIA,-,1995-10-27,1568-95-R-UNA,API SUNEDU
150,Universidad Nacional del Altiplano,T,INGENIERO ECONOMISTA,-,1996-01-26,090-96-R-UNA,API SUNEDU
150,Pontificia Universidad Católica del Perú,M,MAGISTER EN ECONOMIA,-,2006-01-25,-,API SUNEDU
150,Universidad Nacional del Altiplano,D,Doctor en Economía y Políticas Públicas,-,2022-01-13,0060-2022-R-UNA,API SUNEDU
151,Universidad Nacional del Altiplano,M,MAGISTER SCIENTIAE EN ECONOMIA,MENCION PROYECTOS DE INVERSION,2008-05-23,1229-2008-R-UNA,API SUNEDU
151,Universidad Nacional del Altiplano,B,BACHILLER EN ECONOMIA,-,1996-08-23,1192-96-R-UNA,API SUNEDU
151,Universidad Nacional del Altiplano,T,INGENIERO ECONOMISTA,-,2014-07-08,2317-2014-R-UNA,API SUNEDU
151,Universidad Nacional de San Agustín de Arequipa,D,"DOCTOR EN CIENCIAS, CON MENCIÓN EN ECONOMÍA Y GESTIÓN",-,2023-03-10,O.G.Y.T. 003-2023,API SUNEDU
152,Universidad Nacional del Altiplano,M,MAGISTER SCIENTIAE EN ECONOMIA,MENCION: ECONOMIA DE LA EMPRESA,2008-06-20,1587-2008-R-UNA,API SUNEDU
152,Universidad Nacional del Altiplano,T,INGENIERO ECONOMISTA,-,1993-12-10,-,API SUNEDU
152,Universidad Nacional del Altiplano,B,BACHILLER EN ECONOMIA,-,1990-09-14,1058-90-R-UNA,API SUNEDU
152,Universidad Nacional del Altiplano,S,SEGUNDA ESPECIALIZACION EN: EVALUACION SOCIAL Y AMBIENTAL DE PROYECTOS,-,2014-01-10,0047-2014-R-UNA,API SUNEDU
152,Universidad Nacional del Altiplano,S,Título de Segunda Especialización Profesional en: Desarrollo Económico Territorial,-,2016-01-26,0224-2016-R-UNA,API SUNEDU
152,Universidad Nacional del Altiplano,D,DOCTORIS SCIENTIAE EN: ECONOMIA Y GESTION,-,2016-11-30,4634-2016-R-UNA,API SUNEDU
153,Universidad Nacional del Altiplano,T,LICENCIADO EN ADMINISTRACION,-,2001-08-17,1222-2001-R-UNA,API SUNEDU
153,Universidad Nacional del Altiplano,M,MAGISTER SCIENTIAE EN CONTABILIDAD Y ADMINISTRACION,MENCION: ADMINISTRACION Y FINANZAS,2008-09-12,2370-2008-R-UNA,API SUNEDU
153,Universidad Nacional del Altiplano,S,SEGUNDA ESPECIALIZACION EN DIDACTICA UNIVERSITARIA,-,2012-05-25,1092-2012-R-UNA,API SUNEDU
153,Universidad Nacional del Altiplano,D,DOCTORIS SCIENTIAE EN: CONTABILIDAD Y ADMINISTRACION,-,2014-09-23,3269-2014-R-UNA,API SUNEDU
153,Universidad Nacional del Altiplano,B,BACHILLER EN ADMINISTRACION,-,2000-12-01,1795-2000-R-UNA,API SUNEDU
154,Universidad Nacional del Altiplano,M,MAGISTER SCIENTIAE EN ECONOMIA,MENCION EN: GESTION Y DIRECCION ESTRATEGICA DE ORGANIZACIONES,2011-03-18,0511-2011-R-UNA,API SUNEDU
154,Universidad Nacional del Altiplano,T,LICENCIADA EN ADMINISTRACION,-,2001-09-28,1381-2001-R-UNA,API SUNEDU
154,Universidad Nacional del Altiplano,D,Doctoris Scientiae en Contabilidad y Administración,-,2018-10-04,2551-2018-R-UNA,API SUNEDU
154,Universidad Nacional del Altiplano,B,BACHILLER EN ADMINISTRACION,-,2000-10-20,1593-2000-R-UNA,API SUNEDU
155,Universidad Nacional del Altiplano,M,MAGISTER SCIENTIAE EN: DERECHO,MENCION EN: DERECHO PRIVADO,2013-05-15,1514-2013-R-UNA,API SUNEDU
155,Universidad Nacional del Altiplano,B,BACHILLER EN CIENCIAS JURIDICAS Y POLITICAS,-,1992-08-14,883-92-R-UNA,API SUNEDU
155,Universidad Nacional del Altiplano,T,ABOGADO,-,1993-02-05,-,API SUNEDU
155,Universidad Nacional del Altiplano,D,Doctoris Scientiae en Derecho,-,2023-10-23,2742-2023-R-UNA,API SUNEDU
155,Universidad Católica de Santa María,B,BACHILLER EN ADMINISTRACION DE EMPRESAS,-,,1679-CU-1999,API SUNEDU
155,Universidad Católica de Santa María,T,LICENCIADO EN ADMINISTRACION DE EMPRESAS,-,,1679-CU-1999,API SUNEDU
156,Universidad Nacional del Altiplano,M,MAGISTER SCIENTIAE EN GESTION GUBERNAMENTAL Y DESARROLLO EMPRESARIAL,-,2009-04-24,0571-2009-R-UNA,API SUNEDU
156,Universidad Católica de Santa María,B,BACHILLER EN ADMINISTRACION DE EMPRESAS,-,,1679-CU-1999,API SUNEDU
156,Universidad Católica de Santa María,T,LICENCIADO EN ADMINISTRACION DE EMPRESAS,-,,1679-CU-1999,API SUNEDU
156,Universidad Nacional del Altiplano,D,Doctoris Scientiae en Contabilidad y Administración,-,2019-01-10,0036-2019-R-UNA,API SUNEDU
157,Universidad Nacional del Altiplano,M,Magíster Scientiae en: Contabilidad y Administración,Mención en: Gestión Gubernamental y Desarrollo Empresarial,2017-01-23,0145-2017-R-UNA,API SUNEDU
157,UNIVERSIDSAD MAYOR DE SAN ANDRÉS,T,GRADO DE LICENCIADO EN ADMINISTRACIÓN DE EMPRESAS,-,2000-09-22,1404-2005-ANR,API SUNEDU
158,Universidad Inca Garcilaso de la Vega Asociación Civil,M,MAESTRO EN ADMINISTRACION DE LA EDUCACION,-,2006-07-12,0489-DEPG-2006,API SUNEDU
158,Universidad Nacional del Altiplano,S,SEGUNDA ESPECIALIZACION EN ADMINISTRACION PUBLICA,-,2010-08-20,1735-2010-R-UNA,API SUNEDU
158,Universidad Católica de Santa María,B,BACHILLER EN ADMINISTRACION DE EMPRESAS,-,,1679-CU-1999,API SUNEDU
158,Universidad Católica de Santa María,T,LICENCIADO EN ADMINISTRACION DE EMPRESAS,-,,1679-CU-1999,API SUNEDU
158,Universidad Nacional del Altiplano,D,DOCTORIS SCIENTIAE EN EDUCACION,-,2010-01-22,0066-2010-R-UNA,API SUNEDU
158,Universidad Nacional de San Agustín de Arequipa,D,DOCTOR EN CIENCIAS: EMPRESARIALES,-,2011-12-16,RCU 518-2011,API SUNEDU
159,Universidad Católica de Santa María,B,BACHILLER EN ADMINISTRACION DE EMPRESAS,-,1997-01-24,1460-CU-1997,API SUNEDU
159,Universidad Católica de Santa María,T,LICENCIADO EN ADMINISTRACION DE EMPRESAS,-,1999-01-14,1651-CU-1999,API SUNEDU
159,Universidad Nacional del Altiplano,S,SEGUNDA ESPECIALIZACION EN: FORMULACION Y EVALUACION DE PROYECTOS DE INVERSION,-,2014-06-24,2100-2014-R-UNA,API SUNEDU
159,Universidad Nacional de San Agustín de Arequipa,M,MAESTRO EN CIENCIAS: CONTABLES Y FINANCIERAS,MENCION EN FINANZAS Y ADMINISTRACION DE NEGOCIOS,2017-07-24,G.Y.T. 017-2017,API SUNEDU
159,Universidad Nacional de San Agustín de Arequipa,D,DOCTOR EN ADMINISTRACIÓN (DBA),-,2024-05-17,U.G.Y.T. N° 008-2024,API SUNEDU
160,Pontificia Universidad Católica del Perú,B,BACHILLER EN CIENCIAS ADMINISTRATIVAS,-,1990-08-22,-,API SUNEDU
160,Pontificia Universidad Católica del Perú,T,LICENCIADO EN ADMNISTRACION,-,1992-01-15,-,API SUNEDU
160,Pontificia Universidad Católica del Perú,T,CONTADOR PUBLICO,-,1991-07-31,-,API SUNEDU
160,Pontificia Universidad Católica del Perú,T,INGENIERO INDUSTRIAL,-,1996-10-09,-,API SUNEDU
160,Pontificia Universidad Católica del Perú,B,BACHILLER EN CIENCIAS CON MENCION EN INGENIERIA INDUSTRIAL,-,1990-12-26,-,API SUNEDU
160,Universidad Nacional del Altiplano,M,MAGISTER SCIENTIAE EN CONTABILIDAD Y ADMINISTRACION,MENCION EN ADMINISTRACION Y FINANZAS,2010-01-22,0074-2010-R-UNA,API SUNEDU
160,Pontificia Universidad Católica del Perú,B,BACHILLER EN CIENCIAS,INGENIERIA INDUSTRIAL,1990-12-26,-,API SUNEDU
161,Universidad Católica de Santa María,T,LICENCIADO EN ADMINISTRACION DE EMPRESAS,-,1999-01-07,1651-CU-1999,API SUNEDU
161,Universidad Nacional del Altiplano,M,Magíster Scientiae en Contabilidad y Administración Mención en: Marketing y Negocios Internacionales,-,2018-06-13,1522-2018-R-UNA,API SUNEDU
161,Universidad Católica de Santa María,B,BACHILLER EN ADMINISTRACION DE EMPRESAS,-,,1679-CU-1999,API SUNEDU
162,Universidad Nacional de San Agustín de Arequipa,T,LICENCIADO EN ADMINISTRACION,-,1996-01-24,-,API SUNEDU
162,Universidad Nacional de San Agustín de Arequipa,B,BACHILLER EN CIENCIAS ADMINISTRATIVAS,-,1995-02-20,-,API SUNEDU
162,Universidad Nacional del Altiplano,D,Doctor en Administración,-,2018-07-31,1923-2018-R-UNA,API SUNEDU
162,Universidad Nacional del Altiplano,M,Magister Scientiae en: Contabilidad y Administracion,Con Mencion En: Gestion Publica,2015-05-25,1550-2015-R-UNA,API SUNEDU
163,Universidad Nacional del Altiplano,M,MAGISTER SCIENTIAE EN GESTION EMPRESARIAL,-,2008-05-23,1226-2008-R-UNA,API SUNEDU
163,Universidad Nacional del Altiplano,D,DOCTORIS SCIENTIAE EN: CONTABILIDAD Y ADMINISTRACION,-,2016-07-06,2187-2016-R-UNA,API SUNEDU
163,Universidad Nacional Jorge Basadre Grohmann,T,LICENCIADO EN ADMINISTRACION,-,1997-01-30,8349-1997-UNJBG,API SUNEDU
163,Universidad Nacional Jorge Basadre Grohmann,B,BACHILLER EN CIENCIAS ADMINISTRATIVAS,-,1995-10-23,FALTA,API SUNEDU
164,Universidad Católica de Santa María,B,BACHILLER EN ADMINISTRACION DE EMPRESAS,-,,1679-CU-1999,API SUNEDU
164,Universidad Católica de Santa María,T,LICENCIADO EN ADMINISTRACION DE EMPRESAS,-,,1679-CU-1999,API SUNEDU
164,UNIVERSITÉ BORDEAUX IV,M,"GRADO ACADÉMICO DE MAGÍSTER EN DERECHO, ECONOMÍA, GESTIÓN, CON MENCIÓN EN GESTIÓN, ESPECIALIDAD INVESTIGACIÓN EN LA GESTIÓN DE ORGANIZACIONES (GRADO DE MAESTRO)",-,2012-03-19,RESOLUCIÓN Nº 005805-2020-SUNEDU-02-15-02,API SUNEDU
165,Universidad Católica de Santa María,B,BACHILLER EN ADMINISTRACION DE EMPRESAS,-,,1679-CU-1999,API SUNEDU
165,Universidad Católica de Santa María,T,LICENCIADO EN ADMINISTRACION DE EMPRESAS,-,,1679-CU-1999,API SUNEDU
165,Universidad Nacional de San Agustín de Arequipa,M,MAESTRO EN ECONOMIA,-,2008-06-27,RCU 442-2008,API SUNEDU
165,Universidad Andina Néstor Cáceres Velásquez,B,BACHILLER EN DERECHO,-,2016-04-29,0083-2016-UANCV-CU-R,API SUNEDU
165,Universidad Nacional de San Agustín de Arequipa,D,DOCTOR EN CIENCIAS EMPRESARIALES,-,2011-10-28,RCU 400-2011,API SUNEDU
165,Universidad Andina Néstor Cáceres Velásquez,T,ABOGADO,-,2017-08-04,0325-2017-UANCV-CU-R,API SUNEDU
166,Universidad Católica de Santa María,B,BACHILLER EN ADMINISTRACION DE EMPRESAS,-,,1679-CU-1999,API SUNEDU
166,Universidad Católica de Santa María,T,LICENCIADO EN ADMINISTRACION DE EMPRESAS,-,,1679-CU-1999,API SUNEDU
166,Universidad Nacional del Altiplano,M,Magíster Scientiae en Contabilidad y Administración Mención Gestión Empresarial,-,2020-02-27,0263-2020-R-UNA,API SUNEDU
166,Universidad Nacional del Altiplano,D,Doctoris Scientiae en Contabilidad y Administración,-,2022-09-05,1902-2022-R-UNA,API SUNEDU
167,Universidad Nacional del Altiplano,T,CONTADOR PUBLICO,-,1995-12-29,1934-95-R-UNA,API SUNEDU
167,Universidad Nacional del Altiplano,B,BACHILLER EN CIENCIAS CONTABLES,-,1992-06-26,653-92-R-UNA,API SUNEDU
167,Universidad Nacional del Altiplano,M,MAGISTER SCIENTIAE EN:,CONTABILIDAD Y ADMINISTRACION - MENCION EN: AUDITORIA Y TRIBUTACION,2013-12-03,3727-2013-R-UNA,API SUNEDU
167,Universidad Nacional del Altiplano,D,Doctor en Contabilidad y Finanzas,-,2023-12-06,3356-2023-R-UNA,API SUNEDU
168,Universidad Nacional del Altiplano,M,MAGISTER SCIENTIAE EN AUDITORIA Y TRIBUTACION,-,2011-06-03,1068-2011-R-UNA,API SUNEDU
168,Universidad Nacional del Altiplano,B,BACHILLER EN CIENCIAS CONTABLES,-,1977-01-21,-,API SUNEDU
168,Universidad Nacional del Altiplano,T,CONTADOR PUBLICO,-,1978-04-14,-,API SUNEDU
168,Universidad Inca Garcilaso de la Vega Asociación Civil,D,DOCTOR EN ADMINISTRACION,-,2012-02-14,0139-2012-CU-UIGV,API SUNEDU
169,Universidad Nacional del Altiplano,T,INGENIERO ECONOMISTA,-,2003-10-03,1778-2003-R-UNAQ,API SUNEDU
169,Universidad Inca Garcilaso de la Vega Asociación Civil,D,DOCTOR EN ADMINISTRACION,-,2010-01-12,0037-2010-CU-UIGV,API SUNEDU
169,Universidad Nacional del Altiplano,T,CONTADOR PUBLICO,-,1982-01-15,-,API SUNEDU
169,Universidad Inca Garcilaso de la Vega Asociación Civil,M,MAESTRO EN ADMINISTRACION DE LA EDUCACION,-,2005-05-31,189-2005-UIGV,API SUNEDU
169,Universidad Nacional del Altiplano,B,BACHILLER EN CIENCIAS CONTABLES,-,1978-04-26,-,API SUNEDU
169,Universidad Nacional del Altiplano,B,BACHILLER EN ECONOMIA,-,1997-11-28,1766-97-R-UNA,API SUNEDU
169,Universidad José Carlos Mariátegui,B,BACHILLER EN DERECHO,-,2012-08-15,1859-2012-CU/COG-UJCM,API SUNEDU
169,Universidad Andina Néstor Cáceres Velásquez,S,"TÍTULO DE SEGUNDA ESPECIALIDAD PROFESIONAL EN INVESTIGACIÓN, DIDÁCTICA Y DOCENCIA EN EDUCACIÓN SUPERIOR",-,2022-06-16,0395-2022-UANCV-CU-R,API SUNEDU
169,Universidad José Carlos Mariátegui,T,ABOGADO,-,2023-02-17,122-2023-CU-UJCM,API SUNEDU
170,Universidad Nacional del Altiplano,B,BACHILLER EN CIENCIAS CONTABLES,-,1981-04-10,-,API SUNEDU
170,Universidad Nacional del Altiplano,B,BACHILLER EN CIENCIAS JURIDICAS Y POLITICAS,-,1992-12-30,1608-92-R-UNA,API SUNEDU
170,Universidad Nacional del Altiplano,T,CONTADOR PUBLICO,-,1987-07-10,766-87-R-UNA,API SUNEDU
170,Universidad Nacional del Altiplano,M,MAGISTER SCIENTIAE EN CONTABILIDAD Y ADMINISTRACION,MENCION: GESTION EMPRESARIAL,2008-03-07,0449-2008-R-UNA,API SUNEDU
170,Universidad Nacional del Altiplano,T,ABOGADO,-,2011-07-08,1360-2011-R-UNA,API SUNEDU
170,Universidad Nacional del Altiplano,D,DOCTORIS SCIENTIAE,EN: CONTABILIDAD Y ADMINISTRACION,2014-03-10,825-2014-R-UNA,API SUNEDU
171,Universidad Nacional del Altiplano,M,MAGISTER SCIENTIAE EN CONTABILIDAD Y ADMINISTRACION,MENCION: AUDITORIA Y TRIBUTACION,2008-02-15,0226-2008-R-UNA,API SUNEDU
171,Universidad Nacional del Altiplano,B,BACHILLER EN CIENCIAS CONTABLES,-,1983-06-03,-,API SUNEDU
171,Universidad Nacional del Altiplano,T,CONTADOR PUBLICO,-,1987-07-10,765-87-R-UNA,API SUNEDU
171,Universidad Nacional Federico Villarreal,D,DOCTOR EN ADMINISTRACIÓN,-,2015-07-14,1065,API SUNEDU
172,Universidad Nacional del Altiplano,M,MAGISTER SCIENTIAE EN GESTION EMPRESARIAL,-,2006-07-27,1570-2006-R-UNA,API SUNEDU
172,Universidad Nacional del Altiplano,D,DOCTORIS SCIENTIAE,EN: CONTABILIDAD Y ADMINISTRACION,2014-03-10,825-2014-R-UNA,API SUNEDU
172,Universidad Nacional del Altiplano,B,BACHILLER EN CIENCIAS CONTABLES,-,1979-09-05,-,API SUNEDU
172,Universidad Nacional del Altiplano,T,CONTADOR PUBLICO,-,1992-01-31,185-92-R-UNA,API SUNEDU
173,Universidad Nacional del Altiplano,S,SEGUNDA ESPECIALIZACION EN: DIDACTICA UNIVERSITARIA,-,2015-08-11,2359-2015-R-UNA,API SUNEDU
173,Universidad Nacional del Altiplano,B,BACHILLER EN CIENCIAS CONTABLES,-,1999-12-29,2076-99-R-UNA,API SUNEDU
173,Universidad Nacional del Altiplano,M,MAGISTER SCIENTIAE EN: CONTABILIDAD Y ADMINISTRACION,CON MENCION EN: AUDITORIA Y TRIBUTACION,2015-08-11,2358-2015-R-UNA,API SUNEDU
173,Universidad Nacional del Altiplano,D,Doctoris Scientiae en: Contabilidad y Administración,-,2017-04-26,1266-2017-R-UNA,API SUNEDU
173,Universidad Nacional del Altiplano,T,CONTADOR PUBLICO,-,2003-02-13,0286-2003-R-UNA,API SUNEDU
173,UNIVERSIDAD AUTÓNOMA DE MADRID  ,M,TÍTULO OFICIAL DE MÁSTER UNIVERSITARIO EN DESARROLLO ECONÓMICO Y POLÍTICAS PÚBLICAS,-,2018-09-24,RESOLUCIÓN Nº 9127-2019-SUNEDU-02-15-02,API SUNEDU
174,Universidad Nacional del Altiplano,M,MAGISTER SCIENTIAE,AUDITORIA Y TRIBUTACION,2004-11-12,269-20002-R-UNA,API SUNEDU
174,Universidad Nacional del Altiplano,D,DOCTORIS SCIENTIAE EN: CONTABILIDAD Y ADMINISTRACION,-,2014-11-03,3735-2014-R-UNA,API SUNEDU
174,Universidad Nacional del Altiplano,B,Bachiller En Ciencias Contables,-,1974-10-14,-,API SUNEDU
174,Universidad Nacional del Altiplano,M,MAGISTER SICENTIAE EN AUDITORIA Y TRIBUTACION,-,2004-11-12,269-2004-R-UNA,API SUNEDU
175,Universidad Nacional del Altiplano,M,MAGISTER SCIENTIAE EN CONTABILIDAD Y ADMINISTRACION,MENCION: AUDITORIA Y TRIBUTACION,2010-04-05,0653-2010-R-UNA,API SUNEDU
175,Universidad Nacional del Altiplano,B,BACHILLER EN CIENCIAS CONTABLES,-,1996-10-25,1580-96-R-UNA,API SUNEDU
175,Universidad Nacional del Altiplano,T,CONTADOR PUBLICO,-,1999-05-21,805-1999-R-UNA,API SUNEDU
175,Universidad Nacional del Altiplano,D,Doctor en Contabilidad y Finanzas,-,2023-09-14,2398-2023-R-UNA,API SUNEDU
176,Universidad Nacional del Altiplano,B,BACHILLER EN CIENCIAS CONTABLES,-,1990-12-07,1438-90-R-UNA,API SUNEDU
176,Universidad Nacional del Altiplano,T,CONTADOR PUBLICO,-,1995-06-23,792-95-R-UNA,API SUNEDU
176,Universidad Andina Néstor Cáceres Velásquez,T,ABOGADO,-,2016-01-08,556-2015-UANCV-CU-R,API SUNEDU
176,Universidad Nacional del Altiplano,M,MAGISTER SCIENTIAE EN: CONTABILIDAD Y ADMINISTRACION,ADMINISTRACION Y FINANZAS,2015-01-30,0245-2015-R-UNA,API SUNEDU
176,Universidad Andina Néstor Cáceres Velásquez,B,BACHILLER EN DERECHO,-,2009-05-29,094-09-CU-R-UANCV,API SUNEDU
176,Universidad Nacional del Altiplano,D,Doctoris Scientiae en Contabilidad y Administración,-,2024-12-10,3488-2024-R-UNA,API SUNEDU
27339,Universidad Nacional Jorge Basadre Grohmann,B,BACHILLER EN CIENCIAS CONTABLES Y FINANCIERAS,-,2006-09-27,4450-2006-CU,API SUNEDU
27339,Universidad Inca Garcilaso de la Vega Asociación Civil,B,BACHILLER EN EDUCACION,-,2005-11-25,0508-2005-CU-UIGV,API SUNEDU
27339,Universidad Inca Garcilaso de la Vega Asociación Civil,T,-,-,,-,API SUNEDU
27339,Universidad Inca Garcilaso de la Vega Asociación Civil,T,-,-,,-,API SUNEDU
27339,Universidad Inca Garcilaso de la Vega Asociación Civil,T,-,-,,-,API SUNEDU
27339,Universidad Inca Garcilaso de la Vega Asociación Civil,T,-,-,,-,API SUNEDU
27339,Universidad Inca Garcilaso de la Vega Asociación Civil,T,-,-,,-,API SUNEDU
27339,Universidad Inca Garcilaso de la Vega Asociación Civil,T,LICENCIADA EN ADMINISTRACION,-,1992-06-30,-,API SUNEDU
27339,Universidad Inca Garcilaso de la Vega Asociación Civil,T,-,-,,-,API SUNEDU
27339,Universidad Inca Garcilaso de la Vega Asociación Civil,T,-,-,,-,API SUNEDU
27339,Universidad Inca Garcilaso de la Vega Asociación Civil,T,-,-,,-,API SUNEDU
27339,Universidad Inca Garcilaso de la Vega Asociación Civil,T,-,-,,-,API SUNEDU
27339,Universidad Inca Garcilaso de la Vega Asociación Civil,T,-,-,,-,API SUNEDU
27339,Universidad Inca Garcilaso de la Vega Asociación Civil,T,-,-,,-,API SUNEDU
27339,Universidad Inca Garcilaso de la Vega Asociación Civil,T,-,-,,-,API SUNEDU
27339,Universidad Inca Garcilaso de la Vega Asociación Civil,T,ABOGADO,-,1991-09-26,-,API SUNEDU
27339,Universidad Inca Garcilaso de la Vega Asociación Civil,T,LICENCIADA EN EDUCACION,-,1991-09-24,-,API SUNEDU
27339,Universidad Inca Garcilaso de la Vega Asociación Civil,T,-,-,,-,API SUNEDU
27339,Universidad Inca Garcilaso de la Vega Asociación Civil,T,-,-,,-,API SUNEDU
27339,Universidad Inca Garcilaso de la Vega Asociación Civil,T,-,-,,-,API SUNEDU
27339,Universidad Inca Garcilaso de la Vega Asociación Civil,T,-,-,,-,API SUNEDU
27339,Universidad Inca Garcilaso de la Vega Asociación Civil,T,-,-,,-,API SUNEDU
27339,Universidad Inca Garcilaso de la Vega Asociación Civil,T,-,-,1991-02-27,-,API SUNEDU
27339,Universidad Inca Garcilaso de la Vega Asociación Civil,T,-,-,,-,API SUNEDU
27339,Universidad Inca Garcilaso de la Vega Asociación Civil,T,LICENCIADA EN ADMINISTRACION,-,1992-06-30,-,API SUNEDU
27339,Universidad Inca Garcilaso de la Vega Asociación Civil,T,-,-,,-,API SUNEDU
27339,Pontificia Universidad Católica del Perú,M,MAGISTER EN HISTORIA,CON MENCION EN ESTUDIOS ANDINOS,2011-12-14,-,API SUNEDU
27339,Universidad de San Martín de Porres,B,BACHILLER EN CIENCIAS ECONOMÍA,-,1976-04-21,S/N-1976-CRYG,API SUNEDU
27339,Pontificia Universidad Católica del Perú,M,MAGISTRA EN DERECHO,CON MENCION EN DERECHO CONSTITUCIONAL,2006-04-12,-,API SUNEDU
27339,Universidad Nacional Jorge Basadre Grohmann,B,BACHILLER EN CIENCIAS DE LA EDUCACION,-,2013-01-22,9805-2012-CU,API SUNEDU
27339,Universidad de San Martín de Porres,T,LICENCIADA EN ENFERMERÍA,-,1992-02-06,092-1992-R-SMP,API SUNEDU
27339,Universidad de San Martín de Porres,T,LICENCIADA EN ENFERMERÍA,-,1992-02-06,092-1992-R-SMP,API SUNEDU
27339,Universidad de San Martín de Porres,B,BACHILLER EN DERECHO,-,1988-12-20,186-1988-R-SMP,API SUNEDU
27339,Universidad de San Martín de Porres,T,ABOGADO,-,1989-04-21,115-1989-R-SMP,API SUNEDU
27339,Universidad Nacional Mayor de San Marcos,T,ABOGADO,-,1996-08-05,4276-CR-96,API SUNEDU
27339,Universidad Inca Garcilaso de la Vega Asociación Civil,T,-,-,1988-05-25,-,API SUNEDU
27339,Universidad Inca Garcilaso de la Vega Asociación Civil,T,LICENCIADA DE PSICOLOGIA,-,1990-02-22,-,API SUNEDU
27339,Universidad Católica de Santa María,B,BACHILLER EN CIENCIAS DE LA COMUNICACION SOCIAL,-,,1679-CU-1999,API SUNEDU
27339,Universidad Nacional de San Antonio Abad del Cusco,T,LICENCIADO EN EDUCACION,HISTORIA Y GEOGRAFIA,1998-12-07,2450-98,API SUNEDU
27339,Universidad Nacional Pedro Ruiz Gallo,B,BACHILLER EN ARQUITECTURA,-,2007-02-26,025-2007-R-GYT,API SUNEDU
27339,Universidad Nacional de Cajamarca,T,OBSTETRA,-,1997-09-04,0836-97-UNC,API SUNEDU
27339,Universidad ESAN,M,MAGÍSTER EN ADMINISTRACIÓN,-,1979-03-30,829-24-2003,API SUNEDU
27339,Universidad ESAN,M,MAGÍSTER EN ADMINISTRACIÓN,-,1977-04-30,829-04-2003,API SUNEDU
27339,Universidad ESAN,M,MAGÍSTER EN ADMINISTRACIÓN,-,1975-04-07,829-24-2003,API SUNEDU
27339,Universidad de San Martín de Porres,B,BACHILLER EN EDUCACION,-,1974-09-20,392-1974-R-SMP,API SUNEDU
27339,Universidad de San Martín de Porres,B,BACHILLER EN EDUCACION,-,1992-06-04,300-1992-R-SMP,API SUNEDU
27339,Universidad de San Martín de Porres,B,BACHILLER EN EDUCACION,-,1968-02-18,-,API SUNEDU
27339,Universidad ESAN,M,MAGÍSTER EN ADMINISTRACIÓN,-,1984-04-12,829-24-2003,API SUNEDU
27339,Universidad ESAN,M,MAGÍSTER EN ADMINISTRACIÓN,-,1966-03-04,829-24-2003,API SUNEDU
27339,Universidad ESAN,M,MAGÍSTER EN ADMINISTRACIÓN,-,1967-03-03,829-24-2003,API SUNEDU
27339,Universidad ESAN,M,MAGÍSTER EN ADMINISTRACIÓN,-,1966-03-04,829-24-2003,API SUNEDU
27339,Universidad Nacional Federico Villarreal,T,LICENCIADO EN TECNOLOGIA MEDICA. ESPECIALIDAD: TERAPIA DE LENGUAJE,-,,13045,API SUNEDU
27339,Universidad de San Martín de Porres,B,BACHILLER EN EDUCACIÓN,-,1994-08-04,503-1994-R-SMP,API SUNEDU
27339,Universidad de San Martín de Porres,T,LICENCIADA EN EDUCACIÓN EN LA ESPECIALIDAD EDUCACIÓN PRIMARIA,-,1995-03-15,139-1995-R-SMP,API SUNEDU
27339,Universidad Nacional Mayor de San Marcos,B,BACHILLER EN EDUCACION,-,2008-02-01,06740-R-07,API SUNEDU
27339,Universidad de San Martín de Porres,B,BACHILLER EN CIENCIAS FINANCIERAS Y CONTABLES,-,1996-07-12,462-96-R-SMP,API SUNEDU
27339,Universidad Inca Garcilaso de la Vega Asociación Civil,B,BACHILLER EN PSICOLOGIA,-,1981-02-17,-,API SUNEDU
27339,Universidad Nacional de Tumbes,T,INGENIERO AGRONOMO,-,1999-06-03,426-99-UNT-CU,API SUNEDU
27339,Universidad Nacional Mayor de San Marcos,B,BACHILLER EN CONTABILIDAD,-,2002-10-15,06117-R-02,API SUNEDU
27339,Universidad Nacional de Tumbes,B,BACHILLER EN CIENCIAS ECONOMICAS,CONTABILIDAD,1999-06-03,408-99-UNT-CU,API SUNEDU
27339,Universidad Nacional de Tumbes,B,BACHILLER EN CIENCIAS ECONOMICAS MENCION EN CONTABILIDAD,-,1999-08-06,408-99/UNT-CU,API SUNEDU
27339,Pontificia Universidad Católica del Perú,M,MAGISTER EN ADMINISTRACION ESTRATEGICA DE EMPRESAS,-,2011-10-19,-,API SUNEDU
27339,Universidad Inca Garcilaso de la Vega Asociación Civil,T,CONTADOR PUBLICO,-,1991-03-25,-,API SUNEDU
27339,Universidad Inca Garcilaso de la Vega Asociación Civil,T,LICENCIADA EN EDUCACION,-,1990-12-06,-,API SUNEDU
27339,Universidad Inca Garcilaso de la Vega Asociación Civil,T,LICENCIADO EN PSICOLOGIA,-,1990-04-10,-,API SUNEDU
27339,Universidad Inca Garcilaso de la Vega Asociación Civil,T,LICENCIADO EN PSICOLOGIA,-,1990-04-10,-,API SUNEDU
27339,Universidad Inca Garcilaso de la Vega Asociación Civil,T,INGENIERO INDUSTRIAL,-,1990-12-28,-,API SUNEDU
27339,Universidad Inca Garcilaso de la Vega Asociación Civil,T,LICENCIADA EN EDUCACION SECUNDARIA,MATEMATICA Y FISICA,1991-01-07,-,API SUNEDU
27339,Universidad Inca Garcilaso de la Vega Asociación Civil,B,BACHILLER EN CONTABILIDAD,-,1988-11-23,-,API SUNEDU
27339,Universidad Inca Garcilaso de la Vega Asociación Civil,T,LICENCIADO EN EDUCACION PRIMARIA,-,2003-03-26,100-2003-RUIGV,API SUNEDU
27339,Universidad Inca Garcilaso de la Vega Asociación Civil,T,LICENCIADO EN ADMINISTRACION,-,1992-06-30,-,API SUNEDU
27339,Universidad Inca Garcilaso de la Vega Asociación Civil,T,LICENCIADO EN ADMINISTRACION,-,1992-06-30,-,API SUNEDU
27339,Universidad Inca Garcilaso de la Vega Asociación Civil,T,LICENCIADO EN ADMINISTRACION,-,1992-06-30,-,API SUNEDU
27339,Universidad Inca Garcilaso de la Vega Asociación Civil,T,LICENCIADO EN ADMINISTRACION,-,1992-06-30,-,API SUNEDU
27339,Universidad Inca Garcilaso de la Vega Asociación Civil,T,LICENCIADA EN ADMINISTRACION,-,1992-06-30,-,API SUNEDU
27339,Universidad Inca Garcilaso de la Vega Asociación Civil,T,LICENCIADA EN ADMINISTRACION,-,1992-06-30,-,API SUNEDU
27339,Universidad Inca Garcilaso de la Vega Asociación Civil,T,LICENCIADA EN ADMINISTRACION,-,1992-06-30,-,API SUNEDU
27339,Universidad Inca Garcilaso de la Vega Asociación Civil,T,LICENCIADO EN ADMINISTRACION,-,1992-06-30,-,API SUNEDU
27339,Universidad Inca Garcilaso de la Vega Asociación Civil,T,LICENCIADO EN ADMINISTRACION,-,1992-06-30,-,API SUNEDU
27339,Universidad Inca Garcilaso de la Vega Asociación Civil,T,LICENCIADO EN ADMINISTRACION,-,1992-06-30,-,API SUNEDU
27339,Universidad Inca Garcilaso de la Vega Asociación Civil,T,LICENCIADO EN ADMINISTRACION,-,1992-06-30,-,API SUNEDU
27339,Universidad Inca Garcilaso de la Vega Asociación Civil,T,LICENCIADO EN ADMINISTRACION,-,1992-06-30,-,API SUNEDU
27339,Universidad Inca Garcilaso de la Vega Asociación Civil,T,LICENCIADA EN ADMINISTRACION,-,1992-06-30,-,API SUNEDU
27339,Universidad Inca Garcilaso de la Vega Asociación Civil,B,BACHILLER EN EDUCACION,-,2001-10-23,-,API SUNEDU
27339,Universidad Inca Garcilaso de la Vega Asociación Civil,T,LICENCIADA EN EDUCACION PRIMARIA,-,2003-03-26,-,API SUNEDU
27339,Universidad Inca Garcilaso de la Vega Asociación Civil,T,LICENCIADA EN ADMINISTRACION,-,1992-02-10,-,API SUNEDU
27339,Universidad Inca Garcilaso de la Vega Asociación Civil,T,LICENCIADA EN ADMINISTRACION,-,1992-02-10,-,API SUNEDU
27339,Universidad Inca Garcilaso de la Vega Asociación Civil,T,LICENCIADA EN ADMINISTRACION,-,1992-02-10,-,API SUNEDU
27339,Universidad Inca Garcilaso de la Vega Asociación Civil,T,LICENCIADA EN ADMINISTRACION,-,1992-02-10,-,API SUNEDU
27339,Universidad Inca Garcilaso de la Vega Asociación Civil,T,LICENCIADA EN ADMINISTRACION,-,1992-02-10,-,API SUNEDU
27339,Universidad Inca Garcilaso de la Vega Asociación Civil,T,LICENCIADA EN ADMINISTRACION,-,1992-02-10,-,API SUNEDU
27339,Universidad Inca Garcilaso de la Vega Asociación Civil,T,LICENCIADA EN ADMINISTRACION,-,1992-02-10,-,API SUNEDU
27339,Universidad Inca Garcilaso de la Vega Asociación Civil,T,LICENCIADO EN ADMINISTRACION,-,1992-02-10,-,API SUNEDU
27339,Universidad Inca Garcilaso de la Vega Asociación Civil,T,LICENCIADA EN ADMINISTRACION,-,1992-02-10,-,API SUNEDU
27339,Universidad Inca Garcilaso de la Vega Asociación Civil,T,LICENCIADA EN ADMINISTRACION,-,1992-02-10,-,API SUNEDU
27339,Universidad Inca Garcilaso de la Vega Asociación Civil,T,LICENCIADA EN ADMINISTRACION,-,1992-06-30,-,API SUNEDU
27339,Universidad Inca Garcilaso de la Vega Asociación Civil,T,LICENCIADO EN ADMINISTRACION,-,1992-06-30,-,API SUNEDU
27339,Universidad Inca Garcilaso de la Vega Asociación Civil,T,LICENCIADO EN ADMINISTRACION,-,1992-06-30,-,API SUNEDU
27339,Universidad Inca Garcilaso de la Vega Asociación Civil,T,LICENCIADA EN ADMINISTRACION,-,1992-06-30,-,API SUNEDU
27339,Universidad Inca Garcilaso de la Vega Asociación Civil,T,LICENCIADA EN ADMINISTRACION,-,1992-06-30,-,API SUNEDU
27339,Universidad Nacional Jorge Basadre Grohmann,T,LICENCIADA EN ENFERMERIA,-,2004-03-31,3004-2003-CU,API SUNEDU
27339,Universidad Inca Garcilaso de la Vega Asociación Civil,D,DOCTOR EN CONTABILIDAD,-,2009-01-16,0053-2009-CU-UIGV,API SUNEDU
27339,Universidad Nacional Hermilio Valdizán de Huánuco,B,BACHILLER EN CIENCIAS DE LA SALUD  ENFERMERIA,-,1985-05-10,247,API SUNEDU
27339,Universidad Inca Garcilaso de la Vega Asociación Civil,T,LICENCIADA EN EDUCACION PRIMARIA,-,1994-11-18,-,API SUNEDU
27339,Universidad Inca Garcilaso de la Vega Asociación Civil,T,LICENCIADO EN EDUCACION SECUNDARIA,-,1994-11-18,-,API SUNEDU
27339,Universidad Inca Garcilaso de la Vega Asociación Civil,T,-,-,1994-01-11,-,API SUNEDU
27339,Universidad Inca Garcilaso de la Vega Asociación Civil,T,-,-,1995-03-13,-,API SUNEDU
27339,Universidad Inca Garcilaso de la Vega Asociación Civil,T,ABOGADO,-,1994-09-23,-,API SUNEDU
27339,Universidad Inca Garcilaso de la Vega Asociación Civil,T,LICENCIADO EN EDUCACION,-,1994-09-09,-,API SUNEDU
27339,Universidad Inca Garcilaso de la Vega Asociación Civil,T,ECONOMISTA,-,1994-08-26,-,API SUNEDU
27339,Universidad Inca Garcilaso de la Vega Asociación Civil,T,CONTADOR PUBLICO,-,1994-08-26,-,API SUNEDU
27339,Universidad Inca Garcilaso de la Vega Asociación Civil,T,ABOGADO,-,1994-08-26,-,API SUNEDU
27339,Universidad Inca Garcilaso de la Vega Asociación Civil,T,LICENCIADO EN SOCIOLOGIA,-,1990-04-08,-,API SUNEDU
27339,Universidad Inca Garcilaso de la Vega Asociación Civil,T,LICENCIADO EN EDUCACION SECUNDARIA,-,1990-04-20,-,API SUNEDU
27339,Universidad Inca Garcilaso de la Vega Asociación Civil,T,LICENCIADO EN PSICOLOGIA,-,1990-04-18,-,API SUNEDU
27339,Universidad Inca Garcilaso de la Vega Asociación Civil,T,LICENCIADO EN PSICOLOGIA,-,1999-10-28,-,API SUNEDU
27339,Universidad Inca Garcilaso de la Vega Asociación Civil,T,CONTADOR PUBLICO,-,1999-10-04,-,API SUNEDU
27339,Universidad Inca Garcilaso de la Vega Asociación Civil,T,ECONOMISTA,-,1999-06-18,-,API SUNEDU
27339,Universidad Inca Garcilaso de la Vega Asociación Civil,T,LICENCIADO EN EDUCACION SECUNDARIA,-,1990-11-02,-,API SUNEDU
27339,Universidad Inca Garcilaso de la Vega Asociación Civil,T,ABOGADO,-,1990-12-07,-,API SUNEDU
27339,Universidad Inca Garcilaso de la Vega Asociación Civil,T,LICENCIADA EN EDUCACION INICIAL,-,1990-03-09,-,API SUNEDU
27339,Universidad Inca Garcilaso de la Vega Asociación Civil,T,LICENCIADO EN PSICOLOGIA,-,1990-03-27,-,API SUNEDU
27339,Universidad Inca Garcilaso de la Vega Asociación Civil,T,LICENCIADA EN ADMINISTRACION,-,1990-04-26,-,API SUNEDU
27339,Universidad Inca Garcilaso de la Vega Asociación Civil,T,CONTADOR PUBLICO,-,1990-08-24,-,API SUNEDU
27339,Universidad Inca Garcilaso de la Vega Asociación Civil,T,ECONOMISTA,-,1990-08-13,-,API SUNEDU
27339,Universidad Inca Garcilaso de la Vega Asociación Civil,T,ECONOMISTA,-,1990-06-01,-,API SUNEDU
27339,Universidad Nacional Hermilio Valdizán de Huánuco,T,LICENCIADA EN ENFERMERIA,-,1986-09-12,128,API SUNEDU
27339,Pontificia Universidad Católica del Perú,M,MAGISTER EN ADMINISTRACION ESTRATEGICA DE EMPRESAS,-,2011-04-06,-,API SUNEDU
27339,Universidad Ricardo Palma,T,ECONOMISTA,-,1994-03-17,940404,API SUNEDU
27339,Universidad Ricardo Palma,B,BACHILLER EN ECONOMIA,-,1984-03-28,-,API SUNEDU
27339,Universidad Nacional Mayor de San Marcos,T,ABOGADO,-,,58203,API SUNEDU
27339,Universidad Nacional San Luis Gonzaga,T,CIRUJANO DENTISTA,-,1994-10-20,-,API SUNEDU
27339,Universidad ESAN,M,MAGISTER ADMINISTRACION,-,1977-04-30,829-04-2003,API SUNEDU
27339,Universidad ESAN,M,MAGISTER ADMINISTRACION,-,1975-04-07,829-24-2003,API SUNEDU
27339,Universidad ESAN,M,MAGISTER ADMINISTRACION,-,1975-04-07,829-24-2003,API SUNEDU
27339,Universidad ESAN,M,MAGISTER ADMINISTRACION,-,1975-04-07,829-24-2003,API SUNEDU
27339,Universidad ESAN,M,MAGISTER ADMINISTRACION,-,1976-05-19,829-24-2003,API SUNEDU
27339,Universidad Inca Garcilaso de la Vega Asociación Civil,B,BACHILLER EN CONTABILIDAD,-,1994-02-10,-,API SUNEDU
27339,Universidad Católica de Santa María,B,BACHILLER EN TRABAJO SOCIAL,-,,1679-CU-1999,API SUNEDU
27339,Universidad Católica de Santa María,T,ASISTENTE SOCIAL,-,,1679-CU-1999,API SUNEDU
27339,Universidad Nacional San Luis Gonzaga,T,PROFESOR EN EDUCACION SECUNDARIA,"FILOSOFIA, PSICOLOGIA, Y CIENCIAS SOCIALES",1968-01-05,-,API SUNEDU
27339,Universidad Femenina del Sagrado Corazón,B,BACHILLER EN EDUCACION,-,1992-08-20,-,API SUNEDU
